project,bug_id,classname,method_name,label
Chart,10,org.jfree.chart.imagemap.StandardToolTipTagFragmentGenerator,generateToolTipFragment,FN
Chart,12,org.jfree.chart.plot.MultiplePiePlot,MultiplePiePlot,FN
Chart,13,org.jfree.chart.block.BorderArrangement,arrangeFF,FN
Chart,15,org.jfree.chart.plot.PiePlot,getMaximumExplodePercent,FN
Chart,15,org.jfree.chart.plot.PiePlot,initialise,FN
Chart,16,org.jfree.data.category.DefaultIntervalCategoryDataset,DefaultIntervalCategoryDataset,FN
Chart,18,org.jfree.data.DefaultKeyedValues,removeValue,FN
Chart,18,org.jfree.data.DefaultKeyedValues2D,removeColumn,FN
Chart,19,org.jfree.chart.plot.CategoryPlot,getDomainAxisIndex,FN
Chart,19,org.jfree.chart.plot.CategoryPlot,getRangeAxisIndex,FN
Chart,2,org.jfree.data.general.DatasetUtilities,iterateDomainBounds,FN
Chart,21,org.jfree.data.statistics.DefaultBoxAndWhiskerCategoryDataset,updateBounds,FN
Chart,22,org.jfree.data.KeyedObjects2D,equals,FN
Chart,22,org.jfree.data.KeyedObjects2D,removeObject,FN
Chart,22,org.jfree.data.KeyedObjects2D,removeRow,FN
Chart,23,org.jfree.chart.renderer.category.MinMaxCategoryRenderer,equals,FN
Chart,6,org.jfree.chart.util.ShapeList,equals,FN
Chart,7,org.jfree.data.time.TimePeriodValues,updateBounds,FN
Closure,1,com.google.javascript.jscomp.RemoveUnusedVars,removeUnreferencedFunctionArgs,FN
Closure,10,com.google.javascript.jscomp.NodeUtil,mayBeString,FN
Closure,101,com.google.javascript.jscomp.CommandLineRunner,createOptions,FN
Closure,102,com.google.javascript.jscomp.Normalize,process,FN
Closure,103,com.google.javascript.jscomp.DisambiguateProperties,getTypesToSkipForTypeNonUnion,FN
Closure,104,com.google.javascript.rhino.jstype.UnionType,meet,FN
Closure,106,com.google.javascript.rhino.JSDocInfoBuilder,recordBlockDescription,FN
Closure,107,com.google.javascript.jscomp.CommandLineRunner,createOptions,FN
Closure,108,com.google.javascript.jscomp.ScopedAliases,applyAlias,FN
Closure,108,com.google.javascript.jscomp.ScopedAliases,exitScope,FN
Closure,108,com.google.javascript.jscomp.ScopedAliases,findAliases,FN
Closure,108,com.google.javascript.jscomp.ScopedAliases,visit,FN
Closure,109,com.google.javascript.jscomp.parsing.JsDocInfoParser,parseContextTypeExpression,FN
Closure,11,com.google.javascript.jscomp.TypeCheck,visitGetProp,FN
Closure,110,com.google.javascript.jscomp.ScopedAliases,findAliases,FN
Closure,110,com.google.javascript.rhino.Node,getChildBefore,FN
Closure,111,com.google.javascript.jscomp.type.ClosureReverseAbstractInterpreter,caseTopType,FN
Closure,112,com.google.javascript.jscomp.TypeInference,apply,FN
Closure,113,com.google.javascript.jscomp.ProcessClosurePrimitives,processRequireCall,FN
Closure,114,com.google.javascript.jscomp.NameAnalyzer,recordAssignment,FN
Closure,115,com.google.javascript.jscomp.FunctionInjector,canInlineReferenceDirectly,FN
Closure,116,com.google.javascript.jscomp.FunctionInjector,canInlineReferenceDirectly,FN
Closure,118,com.google.javascript.jscomp.DisambiguateProperties,handleObjectLit,FN
Closure,119,com.google.javascript.jscomp.GlobalNamespace,collect,FN
Closure,120,com.google.javascript.jscomp.ReferenceCollectingCallback,isInitializingAssignmentAt,FN
Closure,121,com.google.javascript.jscomp.InlineVariables,inlineNonConstants,FN
Closure,125,com.google.javascript.jscomp.TypeCheck,visitNew,FN
Closure,127,com.google.javascript.jscomp.UnreachableCodeElimination,inFinally,FN
Closure,128,com.google.javascript.jscomp.CodeGenerator,isSimpleNumber,FN
Closure,129,com.google.javascript.jscomp.PrepareAst,annotateCalls,FN
Closure,13,com.google.javascript.jscomp.PeepholeOptimizationsPass,traverse,FN
Closure,130,com.google.javascript.jscomp.CollapseProperties,inlineAliases,FN
Closure,131,com.google.javascript.rhino.TokenStream,isJSIdentifier,FN
Closure,132,com.google.javascript.jscomp.PeepholeSubstituteAlternateSyntax,tryMinimizeIf,FN
Closure,134,com.google.javascript.jscomp.AmbiguateProperties,addNode,FN
Closure,134,com.google.javascript.jscomp.AmbiguateProperties,addNonUnionType,FN
Closure,134,com.google.javascript.jscomp.AmbiguateProperties,getJSType,FN
Closure,134,com.google.javascript.jscomp.AmbiguateProperties,isIndependentOf,FN
Closure,134,com.google.javascript.jscomp.TypedScopeCreator,findOverriddenFunction,FN
Closure,135,com.google.javascript.jscomp.DevirtualizePrototypeMethods,replaceReferencesToThis,FN
Closure,135,com.google.javascript.rhino.jstype.FunctionType,defineProperty,FN
Closure,135,com.google.javascript.rhino.jstype.FunctionType,hasOwnProperty,FN
Closure,136,com.google.javascript.jscomp.MethodCompilerPass,addPossibleSignature,FN
Closure,136,com.google.javascript.jscomp.RenameVars,visit,FN
Closure,137,com.google.javascript.jscomp.MakeDeclaredNamesUnique,ContextualRenameInverter,FN
Closure,137,com.google.javascript.jscomp.MakeDeclaredNamesUnique,addDeclaredName,FN
Closure,137,com.google.javascript.jscomp.MakeDeclaredNamesUnique,containsSeparator,FN
Closure,137,com.google.javascript.jscomp.MakeDeclaredNamesUnique,reserveName,FN
Closure,137,com.google.javascript.jscomp.NodeUtil,isReferenceName,FN
Closure,137,com.google.javascript.jscomp.Normalize,process,FN
Closure,138,com.google.javascript.jscomp.ClosureReverseAbstractInterpreter,getPreciserScopeKnowingConditionOutcome,FN
Closure,138,com.google.javascript.jscomp.TypeInference,traverseName,FN
Closure,139,com.google.javascript.jscomp.Normalize,normalizeFunctionDeclaration,FN
Closure,139,com.google.javascript.jscomp.Normalize,onRedeclaration,FN
Closure,139,com.google.javascript.jscomp.Normalize,rewriteFunctionDeclaration,FN
Closure,139,com.google.javascript.jscomp.Normalize,visit,FN
Closure,140,com.google.javascript.jscomp.Compiler,fillEmptyModules,FN
Closure,142,com.google.javascript.jscomp.CoalesceVariableNames,enterScope,FN
Closure,143,com.google.javascript.jscomp.RemoveConstantExpressions,trySimplify,FN
Closure,144,com.google.javascript.jscomp.FunctionTypeBuilder,inferReturnStatements,FN
Closure,144,com.google.javascript.jscomp.FunctionTypeBuilder,inferReturnType,FN
Closure,144,com.google.javascript.jscomp.FunctionTypeBuilder,maybeSetBaseType,FN
Closure,144,com.google.javascript.jscomp.TypedScopeCreator,getFunctionType,FN
Closure,144,com.google.javascript.rhino.jstype.FunctionType,cloneWithNewReturnType,FN
Closure,147,com.google.javascript.jscomp.RuntimeTypeCheck,visitFunction,FN
Closure,148,com.google.javascript.jscomp.SourceMap,appendMappingTo,FN
Closure,148,com.google.javascript.jscomp.SourceMap,appendTo,FN
Closure,148,com.google.javascript.jscomp.SourceMap,escapeString,FN
Closure,148,com.google.javascript.jscomp.SourceMap,findLastLine,FN
Closure,148,com.google.javascript.jscomp.SourceMap,isOverlapped,FN
Closure,148,com.google.javascript.jscomp.SourceMap,maybeVisit,FN
Closure,148,com.google.javascript.jscomp.SourceMap,openLine,FN
Closure,148,com.google.javascript.jscomp.SourceMap,prepMappings,FN
Closure,148,com.google.javascript.jscomp.SourceMap,setWrapperPrefix,FN
Closure,148,com.google.javascript.jscomp.SourceMap,visit,FN
Closure,148,com.google.javascript.jscomp.SourceMap,writeCharsBetween,FN
Closure,149,com.google.javascript.jscomp.AbstractCommandLineRunner,getOutputCharset,FN
Closure,149,com.google.javascript.jscomp.CommandLineRunner,createOptions,FN
Closure,149,com.google.javascript.jscomp.Compiler,toSource,FN
Closure,149,com.google.javascript.jscomp.CompilerOptions,setOutputCharset,FN
Closure,15,com.google.javascript.jscomp.FlowSensitiveInlineVariables,apply,FN
Closure,150,com.google.javascript.jscomp.TypedScopeCreator,LocalScopeBuilder,FN
Closure,151,com.google.javascript.jscomp.CommandLineRunner,applyToOptions,FN
Closure,151,com.google.javascript.jscomp.CommandLineRunner,initConfigFromFlags,FN
Closure,153,com.google.javascript.jscomp.Normalize,onRedeclaration,FN
Closure,153,com.google.javascript.jscomp.Normalize,removeDuplicateDeclarations,FN
Closure,153,com.google.javascript.jscomp.SyntacticScopeCreator,onRedeclaration,FN
Closure,154,com.google.javascript.jscomp.TypeCheck,checkDeclaredPropertyInheritance,FN
Closure,155,com.google.javascript.jscomp.InlineVariables,doInlinesForScope,FN
Closure,155,com.google.javascript.jscomp.InlineVariables,inlineNonConstants,FN
Closure,155,com.google.javascript.jscomp.InlineVariables,maybeEscapedOrModifiedArguments,FN
Closure,155,com.google.javascript.jscomp.ReferenceCollectingCallback,visit,FN
Closure,155,com.google.javascript.jscomp.Scope,getArgumentsVar,FN
Closure,155,com.google.javascript.jscomp.Scope,toString,FN
Closure,156,com.google.javascript.jscomp.CollapseProperties,collapseDeclarationOfNameAndDescendants,FN
Closure,156,com.google.javascript.jscomp.CollapseProperties,updateFunctionDeclarationAtFunctionNode,FN
Closure,156,com.google.javascript.jscomp.CollapseProperties,updateObjLitOrFunctionDeclarationAtAssignNode,FN
Closure,156,com.google.javascript.jscomp.CollapseProperties,updateObjLitOrFunctionDeclarationAtVarNode,FN
Closure,157,com.google.javascript.jscomp.CodeGenerator,isSimpleNumber,FN
Closure,157,com.google.javascript.jscomp.RenamePrototypes,processPrototypeParent,FN
Closure,157,com.google.javascript.jscomp.RenamePrototypes,visit,FN
Closure,157,com.google.javascript.jscomp.parsing.IRFactory,transformAsString,FN
Closure,157,com.google.javascript.jscomp.parsing.IRFactory,transformNumberAsString,FN
Closure,158,com.google.javascript.jscomp.AbstractCommandLineRunner,Entry,FN
Closure,158,com.google.javascript.jscomp.AbstractCommandLineRunner,outputBestPhaseOrdering,FN
Closure,158,com.google.javascript.jscomp.CommandLineRunner,WarningGuardErrorOptionHandler,FN
Closure,158,com.google.javascript.jscomp.CommandLineRunner,createExterns,FN
Closure,158,com.google.javascript.jscomp.DiagnosticGroups,setWarningLevel,FN
Closure,159,com.google.javascript.jscomp.InlineFunctions,findCalledFunctions,FN
Closure,16,com.google.javascript.jscomp.ScopedAliases,applyAlias,FN
Closure,16,com.google.javascript.jscomp.ScopedAliases,fixTypeNode,FN
Closure,162,com.google.javascript.jscomp.Scope,getVarIterable,FN
Closure,162,com.google.javascript.jscomp.ScopedAliases,enterScope,FN
Closure,162,com.google.javascript.jscomp.ScopedAliases,findAliases,FN
Closure,162,com.google.javascript.jscomp.ScopedAliases,fixTypeNode,FN
Closure,162,com.google.javascript.jscomp.ScopedAliases,visit,FN
Closure,163,com.google.javascript.jscomp.AnalyzePrototypeProperties,ProcessProperties,FN
Closure,163,com.google.javascript.jscomp.AnalyzePrototypeProperties,addGlobalUseOfSymbol,FN
Closure,163,com.google.javascript.jscomp.AnalyzePrototypeProperties,addSymbolUse,FN
Closure,163,com.google.javascript.jscomp.AnalyzePrototypeProperties,getFunctionNode,FN
Closure,163,com.google.javascript.jscomp.AnalyzePrototypeProperties,getModule,FN
Closure,163,com.google.javascript.jscomp.AnalyzePrototypeProperties,getPrototypePropertyNameFromRValue,FN
Closure,163,com.google.javascript.jscomp.AnalyzePrototypeProperties,getRootVar,FN
Closure,163,com.google.javascript.jscomp.AnalyzePrototypeProperties,isGlobalFunctionDeclaration,FN
Closure,163,com.google.javascript.jscomp.AnalyzePrototypeProperties,processGlobalFunctionDeclaration,FN
Closure,163,com.google.javascript.jscomp.AnalyzePrototypeProperties,processNonFunctionPrototypeAssign,FN
Closure,163,com.google.javascript.jscomp.AnalyzePrototypeProperties,processPrototypeParent,FN
Closure,163,com.google.javascript.jscomp.AnalyzePrototypeProperties,processPrototypeRef,FN
Closure,163,com.google.javascript.jscomp.AnalyzePrototypeProperties,traverseEdge,FN
Closure,163,com.google.javascript.jscomp.AnalyzePrototypeProperties,visit,FN
Closure,163,com.google.javascript.jscomp.CrossModuleMethodMotion,moveMethods,FN
Closure,164,com.google.javascript.rhino.jstype.ArrowType,hasEqualParameters,FN
Closure,164,com.google.javascript.rhino.jstype.ArrowType,isSubtype,FN
Closure,165,com.google.javascript.rhino.jstype.JSTypeRegistry,canPropertyBeDefined,FN
Closure,165,com.google.javascript.rhino.jstype.ObjectType,defineSynthesizedProperty,FN
Closure,165,com.google.javascript.rhino.jstype.RecordType,getGreatestSubtypeHelper,FN
Closure,165,com.google.javascript.rhino.jstype.RecordType,isSynthetic,FN
Closure,165,com.google.javascript.rhino.jstype.RecordTypeBuilder,build,FN
Closure,165,com.google.javascript.rhino.jstype.RecordTypeBuilder,setSynthesized,FN
Closure,166,com.google.javascript.rhino.jstype.PrototypeObjectType,matchConstraint,FN
Closure,167,com.google.javascript.jscomp.type.SemanticReverseAbstractInterpreter,caseAndOrNotShortCircuiting,FN
Closure,167,com.google.javascript.jscomp.type.SemanticReverseAbstractInterpreter,caseEquality,FN
Closure,167,com.google.javascript.jscomp.type.SemanticReverseAbstractInterpreter,caseNameOrGetProp,FN
Closure,167,com.google.javascript.jscomp.type.SemanticReverseAbstractInterpreter,maybeRestrictName,FN
Closure,167,com.google.javascript.jscomp.type.SemanticReverseAbstractInterpreter,maybeRestrictTwoNames,FN
Closure,167,com.google.javascript.rhino.jstype.JSType,getRestrictedTypeGivenToBooleanOutcome,FN
Closure,168,com.google.javascript.jscomp.TypedScopeCreator,declareArguments,FN
Closure,169,com.google.javascript.rhino.jstype.ArrowType,checkArrowEquivalenceHelper,FN
Closure,169,com.google.javascript.rhino.jstype.ArrowType,hasEqualParameters,FN
Closure,169,com.google.javascript.rhino.jstype.FunctionType,checkFunctionEquivalenceHelper,FN
Closure,169,com.google.javascript.rhino.jstype.FunctionType,hasEqualCallType,FN
Closure,169,com.google.javascript.rhino.jstype.JSType,differsFrom,FN
Closure,169,com.google.javascript.rhino.jstype.JSType,isEquivalentTo,FN
Closure,169,com.google.javascript.rhino.jstype.JSType,isInvariant,FN
Closure,169,com.google.javascript.rhino.jstype.RecordType,checkRecordEquivalenceHelper,FN
Closure,169,com.google.javascript.rhino.jstype.RecordType,getGreatestSubtypeHelper,FN
Closure,169,com.google.javascript.rhino.jstype.RecordType,isSubtype,FN
Closure,169,com.google.javascript.rhino.jstype.UnionType,checkUnionEquivalenceHelper,FN
Closure,17,com.google.javascript.jscomp.TypedScopeCreator,getDeclaredType,FN
Closure,170,com.google.javascript.jscomp.FlowSensitiveInlineVariables,visit,FN
Closure,171,com.google.javascript.jscomp.TypeInference,traverseObjectLiteral,FN
Closure,171,com.google.javascript.jscomp.TypedScopeCreator,isQualifiedNameInferred,FN
Closure,172,com.google.javascript.jscomp.TypedScopeCreator,isQualifiedNameInferred,FN
Closure,173,com.google.javascript.jscomp.PeepholeSubstituteAlternateSyntax,tryRotateAssociativeOperator,FN
Closure,174,com.google.javascript.jscomp.JsAst,parse,FN
Closure,174,com.google.javascript.jscomp.NodeUtil,newQualifiedNameNodeDeclaration,FN
Closure,174,com.google.javascript.jscomp.ScopedAliases,findAliases,FN
Closure,18,com.google.javascript.jscomp.Compiler,parseInputs,FN
Closure,19,com.google.javascript.jscomp.type.ChainableReverseAbstractInterpreter,declareNameInScope,FN
Closure,20,com.google.javascript.jscomp.PeepholeSubstituteAlternateSyntax,tryFoldSimpleFunctionCall,FN
Closure,24,com.google.javascript.jscomp.ScopedAliases,findAliases,FN
Closure,25,com.google.javascript.jscomp.TypeInference,traverseNew,FN
Closure,26,com.google.javascript.jscomp.ProcessCommonJSModules,emitOptionalModuleExportsOverride,FN
Closure,26,com.google.javascript.jscomp.ProcessCommonJSModules,visit,FN
Closure,26,com.google.javascript.jscomp.ProcessCommonJSModules,visitModuleExports,FN
Closure,27,com.google.javascript.rhino.IR,blockUnchecked,FN
Closure,27,com.google.javascript.rhino.IR,tryCatch,FN
Closure,27,com.google.javascript.rhino.IR,tryFinally,FN
Closure,28,com.google.javascript.jscomp.InlineCostEstimator,getCost,FN
Closure,29,com.google.javascript.jscomp.InlineObjectLiterals,isInlinableObject,FN
Closure,3,com.google.javascript.jscomp.FlowSensitiveInlineVariables,apply,FN
Closure,3,com.google.javascript.jscomp.FlowSensitiveInlineVariables,canInline,FN
Closure,3,com.google.javascript.jscomp.FlowSensitiveInlineVariables,enterScope,FN
Closure,30,com.google.javascript.jscomp.FlowSensitiveInlineVariables,process,FN
Closure,30,com.google.javascript.jscomp.MustBeReachingVariableDef,dependsOnOuterScopeVars,FN
Closure,30,com.google.javascript.jscomp.MustBeReachingVariableDef,visit,FN
Closure,31,com.google.javascript.jscomp.Compiler,parseInputs,FN
Closure,33,com.google.javascript.rhino.jstype.PrototypeObjectType,matchConstraint,FN
Closure,34,com.google.javascript.jscomp.CodePrinter,PrettyCodePrinter,FN
Closure,35,com.google.javascript.jscomp.TypeInference,inferPropertyTypesToMatchConstraint,FN
Closure,36,com.google.javascript.jscomp.InlineVariables,canInline,FN
Closure,37,com.google.javascript.jscomp.parsing.IRFactory,isDirective,FN
Closure,39,com.google.javascript.rhino.jstype.PrototypeObjectType,toStringHelper,FN
Closure,4,com.google.javascript.rhino.jstype.NamedType,resolveInternal,FN
Closure,40,com.google.javascript.jscomp.NameAnalyzer,visit,FN
Closure,41,com.google.javascript.jscomp.FunctionTypeBuilder,inferFromOverriddenFunction,FN
Closure,41,com.google.javascript.jscomp.FunctionTypeBuilder,inferParameterTypes,FN
Closure,42,com.google.javascript.jscomp.parsing.IRFactory,isDirective,FN
Closure,43,com.google.javascript.jscomp.TypedScopeCreator,attachLiteralTypes,FN
Closure,43,com.google.javascript.jscomp.TypedScopeCreator,getNativeType,FN
Closure,44,com.google.javascript.jscomp.CodeConsumer,add,FN
Closure,45,com.google.javascript.jscomp.RemoveUnusedVars,interpretAssigns,FN
Closure,46,com.google.javascript.rhino.jstype.RecordType,getLeastSupertype,FN
Closure,47,com.google.debugging.sourcemap.SourceMapConsumerV3,getOriginalMappingForEntry,FN
Closure,47,com.google.javascript.jscomp.SourceMap,addMapping,FN
Closure,48,com.google.javascript.jscomp.TypedScopeCreator,applyDelegateRelationship,FN
Closure,49,com.google.javascript.jscomp.MakeDeclaredNamesUnique,enterScope,FN
Closure,5,com.google.javascript.jscomp.InlineObjectLiterals,isInlinableObject,FN
Closure,51,com.google.javascript.jscomp.CodeConsumer,isNegativeZero,FN
Closure,53,com.google.javascript.jscomp.InlineObjectLiterals,replaceAssignmentExpression,FN
Closure,54,com.google.javascript.jscomp.TypedScopeCreator,applyDelegateRelationship,FN
Closure,54,com.google.javascript.rhino.jstype.FunctionType,setPrototypeBasedOn,FN
Closure,55,com.google.javascript.jscomp.FunctionRewriter,isReduceableFunctionExpression,FN
Closure,56,com.google.javascript.jscomp.SourceFile,getLine,FN
Closure,57,com.google.javascript.jscomp.ClosureCodingConvention,extractClassNameIfGoog,FN
Closure,58,com.google.javascript.jscomp.LiveVariablesAnalysis,computeGenKill,FN
Closure,6,com.google.javascript.jscomp.TypeValidator,expectCanAssignTo,FN
Closure,6,com.google.javascript.jscomp.TypeValidator,expectCanAssignToPropertyOf,FN
Closure,60,com.google.javascript.jscomp.NodeUtil,getImpureBooleanValue,FN
Closure,62,com.google.javascript.jscomp.LightweightMessageFormatter,format,FN
Closure,64,com.google.javascript.jscomp.Compiler,toSource,FN
Closure,67,com.google.javascript.jscomp.AnalyzePrototypeProperties,isPrototypePropertyAssign,FN
Closure,68,com.google.javascript.jscomp.parsing.JsDocInfoParser,parseBasicTypeExpression,FN
Closure,68,com.google.javascript.jscomp.parsing.JsDocInfoParser,parseFunctionType,FN
Closure,69,com.google.javascript.jscomp.TypeCheck,visitCall,FN
Closure,7,com.google.javascript.jscomp.type.ChainableReverseAbstractInterpreter,caseObjectType,FN
Closure,70,com.google.javascript.jscomp.TypedScopeCreator,declareArguments,FN
Closure,71,com.google.javascript.jscomp.CheckAccessControls,checkPropertyVisibility,FN
Closure,72,com.google.javascript.jscomp.FunctionToBlockMutator,makeLocalNamesUnique,FN
Closure,72,com.google.javascript.jscomp.RenameLabels,visitLabel,FN
Closure,74,com.google.javascript.jscomp.PeepholeFoldConstants,getNormalizedNodeType,FN
Closure,75,com.google.javascript.jscomp.NodeUtil,isStrWhiteSpaceChar,FN
Closure,76,com.google.javascript.jscomp.DeadAssignmentsElimination,checkHookBranchReadBeforeKill,FN
Closure,76,com.google.javascript.jscomp.DeadAssignmentsElimination,isVariableReadBeforeKill,FN
Closure,76,com.google.javascript.jscomp.DeadAssignmentsElimination,isVariableStillLiveWithinExpression,FN
Closure,79,com.google.javascript.jscomp.Normalize,process,FN
Closure,79,com.google.javascript.jscomp.VarCheck,createSynthesizedExternVar,FN
Closure,8,com.google.javascript.jscomp.CollapseVariableDeclarations,isNamedParameter,FN
Closure,80,com.google.javascript.jscomp.NodeUtil,isBooleanResultHelper,FN
Closure,81,com.google.javascript.jscomp.parsing.IRFactory,isDirective,FN
Closure,82,com.google.javascript.rhino.jstype.JSType,isEmptyType,FN
Closure,83,com.google.javascript.jscomp.CommandLineRunner,parseArguments,FN
Closure,84,com.google.javascript.jscomp.parsing.IRFactory,processFunctionNode,FN
Closure,84,com.google.javascript.jscomp.parsing.IRFactory,transformAsString,FN
Closure,84,com.google.javascript.jscomp.parsing.IRFactory,validAssignmentTarget,FN
Closure,87,com.google.javascript.jscomp.PeepholeSubstituteAlternateSyntax,isFoldableExpressBlock,FN
Closure,88,com.google.javascript.jscomp.DeadAssignmentsElimination,isVariableReadBeforeKill,FN
Closure,9,com.google.javascript.jscomp.ProcessCommonJSModules,normalizeSourceName,FN
Closure,9,com.google.javascript.jscomp.ProcessCommonJSModules,visitScript,FN
Closure,90,com.google.javascript.jscomp.FunctionTypeBuilder,apply,FN
Closure,92,com.google.javascript.jscomp.ProcessClosurePrimitives,updateMinimumModule,FN
Closure,95,com.google.javascript.jscomp.TypedScopeCreator,defineSlot,FN
Closure,96,com.google.javascript.jscomp.TypeCheck,visitParameterList,FN
Closure,97,com.google.javascript.jscomp.PeepholeFoldConstants,tryFoldShift,FN
Closure,98,com.google.javascript.jscomp.ReferenceCollectingCallback,getSourceName,FN
Closure,98,com.google.javascript.jscomp.ReferenceCollectingCallback,isInitializingAssignmentAt,FN
Lang,11,org.apache.commons.lang3.RandomStringUtils,random,FN
Lang,12,org.apache.commons.lang3.RandomStringUtils,random,FN
Lang,13,org.apache.commons.lang3.SerializationUtils,ClassLoaderAwareObjectInputStream,FN
Lang,13,org.apache.commons.lang3.SerializationUtils,resolveClass,FN
Lang,15,org.apache.commons.lang3.reflect.TypeUtils,isAssignable,FN
Lang,15,org.apache.commons.lang3.reflect.TypeUtils,substituteTypeVariables,FN
Lang,17,org.apache.commons.lang3.text.translate.CharSequenceTranslator,translate,FN
Lang,19,org.apache.commons.lang3.text.translate.NumericEntityUnescaper,translate,FN
Lang,22,org.apache.commons.lang3.math.Fraction,greatestCommonDivisor,FN
Lang,23,org.apache.commons.lang3.text.ExtendedMessageFormat,equals,FN
Lang,28,org.apache.commons.lang3.text.translate.NumericEntityUnescaper,translate,FN
Lang,29,org.apache.commons.lang3.SystemUtils,toJavaVersionInt,FN
Lang,30,org.apache.commons.lang3.StringUtils,containsAny,FN
Lang,30,org.apache.commons.lang3.StringUtils,containsNone,FN
Lang,30,org.apache.commons.lang3.StringUtils,indexOfAny,FN
Lang,31,org.apache.commons.lang3.StringUtils,containsAny,FN
Lang,32,org.apache.commons.lang3.builder.HashCodeBuilder,initialValue,FN
Lang,32,org.apache.commons.lang3.builder.HashCodeBuilder,isRegistered,FN
Lang,32,org.apache.commons.lang3.builder.HashCodeBuilder,register,FN
Lang,32,org.apache.commons.lang3.builder.HashCodeBuilder,unregister,FN
Lang,34,org.apache.commons.lang3.builder.ToStringStyle,getRegistry,FN
Lang,34,org.apache.commons.lang3.builder.ToStringStyle,isRegistered,FN
Lang,35,org.apache.commons.lang3.ArrayUtils,addAll,FN
Lang,35,org.apache.commons.lang3.ArrayUtils,copyArrayGrow1,FN
Lang,39,org.apache.commons.lang3.StringUtils,replaceEach,FN
Lang,4,org.apache.commons.lang3.text.translate.LookupTranslator,translate,FN
Lang,41,org.apache.commons.lang.ClassUtils,getPackageName,FN
Lang,41,org.apache.commons.lang.ClassUtils,getShortClassName,FN
Lang,42,org.apache.commons.lang.Entities,escape,FN
Lang,45,org.apache.commons.lang.WordUtils,abbreviate,FN
Lang,46,org.apache.commons.lang.StringEscapeUtils,escapeJava,FN
Lang,46,org.apache.commons.lang.StringEscapeUtils,escapeJavaScript,FN
Lang,46,org.apache.commons.lang.StringEscapeUtils,escapeJavaStyleString,FN
Lang,49,org.apache.commons.lang.math.Fraction,reduce,FN
Lang,5,org.apache.commons.lang3.LocaleUtils,localeLookupList,FN
Lang,5,org.apache.commons.lang3.LocaleUtils,toLocale,FN
Lang,52,org.apache.commons.lang.StringEscapeUtils,escapeJavaStyleString,FN
Lang,54,org.apache.commons.lang.LocaleUtils,toLocale,FN
Lang,55,org.apache.commons.lang.time.StopWatch,stop,FN
Lang,56,org.apache.commons.lang.time.FastDateFormat,readObject,FN
Lang,57,org.apache.commons.lang.LocaleUtils,isAvailableLocale,FN
Lang,6,org.apache.commons.lang3.text.translate.CharSequenceTranslator,translate,FN
Lang,7,org.apache.commons.lang3.math.NumberUtils,createBigDecimal,FN
Lang,8,org.apache.commons.lang3.time.FastDatePrinter,appendTo,FN
Lang,8,org.apache.commons.lang3.time.FastDatePrinter,getTimeZoneDisplay,FN
Math,101,org.apache.commons.math.complex.ComplexFormat,parse,FN
Math,103,org.apache.commons.math.distribution.NormalDistributionImpl,cumulativeProbability,FN
Math,105,org.apache.commons.math.stat.regression.SimpleRegression,getSumSquaredErrors,FN
Math,11,org.apache.commons.math3.distribution.MultivariateNormalDistribution,density,FN
Math,13,org.apache.commons.math3.optimization.general.AbstractLeastSquaresOptimizer,squareRoot,FN
Math,14,org.apache.commons.math3.optim.nonlinear.vector.Weight,Weight,FN
Math,14,org.apache.commons.math3.optim.nonlinear.vector.jacobian.AbstractLeastSquaresOptimizer,squareRoot,FN
Math,16,org.apache.commons.math3.util.FastMath,cosh,FN
Math,16,org.apache.commons.math3.util.FastMath,sinh,FN
Math,18,org.apache.commons.math3.optimization.direct.CMAESOptimizer,decode,FN
Math,18,org.apache.commons.math3.optimization.direct.CMAESOptimizer,encode,FN
Math,18,org.apache.commons.math3.optimization.direct.CMAESOptimizer,isFeasible,FN
Math,19,org.apache.commons.math3.optimization.direct.CMAESOptimizer,checkParameters,FN
Math,2,org.apache.commons.math3.distribution.HypergeometricDistribution,getNumericalMean,FN
Math,20,org.apache.commons.math3.optimization.direct.CMAESOptimizer,repairAndDecode,FN
Math,21,org.apache.commons.math3.linear.RectangularCholeskyDecomposition,RectangularCholeskyDecomposition,FN
Math,22,org.apache.commons.math3.distribution.FDistribution,isSupportLowerBoundInclusive,FN
Math,22,org.apache.commons.math3.distribution.UniformRealDistribution,isSupportUpperBoundInclusive,FN
Math,23,org.apache.commons.math3.optimization.univariate.BrentOptimizer,doOptimize,FN
Math,24,org.apache.commons.math3.optimization.univariate.BrentOptimizer,doOptimize,FN
Math,25,org.apache.commons.math3.optimization.fitting.HarmonicFitter,guessAOmega,FN
Math,27,org.apache.commons.math3.fraction.Fraction,percentageValue,FN
Math,29,org.apache.commons.math3.linear.OpenMapRealVector,ebeDivide,FN
Math,29,org.apache.commons.math3.linear.OpenMapRealVector,ebeMultiply,FN
Math,3,org.apache.commons.math3.util.MathArrays,linearCombination,FN
Math,32,org.apache.commons.math3.geometry.euclidean.twod.PolygonsSet,computeGeometricalProperties,FN
Math,33,org.apache.commons.math3.optimization.linear.SimplexTableau,dropPhase1Objective,FN
Math,34,org.apache.commons.math3.genetics.ListPopulation,iterator,FN
Math,35,org.apache.commons.math3.genetics.ElitisticListPopulation,ElitisticListPopulation,FN
Math,37,org.apache.commons.math.complex.Complex,tan,FN
Math,37,org.apache.commons.math.complex.Complex,tanh,FN
Math,38,org.apache.commons.math.optimization.direct.BOBYQAOptimizer,prelim,FN
Math,42,org.apache.commons.math.optimization.linear.SimplexTableau,getSolution,FN
Math,43,org.apache.commons.math.stat.descriptive.SummaryStatistics,addValue,FN
Math,44,org.apache.commons.math.ode.AbstractIntegrator,acceptStep,FN
Math,44,org.apache.commons.math.ode.AbstractIntegrator,compare,FN
Math,45,org.apache.commons.math.linear.OpenMapRealMatrix,OpenMapRealMatrix,FN
Math,46,org.apache.commons.math.complex.Complex,divide,FN
Math,47,org.apache.commons.math.complex.Complex,Complex,FN
Math,47,org.apache.commons.math.complex.Complex,divide,FN
Math,49,org.apache.commons.math.linear.OpenMapRealVector,ebeDivide,FN
Math,49,org.apache.commons.math.linear.OpenMapRealVector,ebeMultiply,FN
Math,5,org.apache.commons.math3.complex.Complex,reciprocal,FN
Math,53,org.apache.commons.math.complex.Complex,add,FN
Math,54,org.apache.commons.math.dfp.Dfp,toDouble,FN
Math,55,org.apache.commons.math.geometry.Vector3D,crossProduct,FN
Math,56,org.apache.commons.math.util.MultidimensionalCounter,getCounts,FN
Math,6,org.apache.commons.math3.optim.BaseOptimizer,BaseOptimizer,FN
Math,6,org.apache.commons.math3.optim.nonlinear.scalar.gradient.NonLinearConjugateGradientOptimizer,doOptimize,FN
Math,6,org.apache.commons.math3.optim.nonlinear.scalar.noderiv.CMAESOptimizer,doOptimize,FN
Math,6,org.apache.commons.math3.optim.nonlinear.scalar.noderiv.SimplexOptimizer,compare,FN
Math,60,org.apache.commons.math.distribution.NormalDistributionImpl,cumulativeProbability,FN
Math,61,org.apache.commons.math.distribution.PoissonDistributionImpl,PoissonDistributionImpl,FN
Math,65,org.apache.commons.math.optimization.general.AbstractLeastSquaresOptimizer,getRMS,FN
Math,66,org.apache.commons.math.optimization.univariate.BrentOptimizer,BrentOptimizer,FN
Math,66,org.apache.commons.math.optimization.univariate.BrentOptimizer,doOptimize,FN
Math,67,org.apache.commons.math.optimization.MultiStartUnivariateRealOptimizer,getFunctionValue,FN
Math,68,org.apache.commons.math.optimization.general.LevenbergMarquardtOptimizer,LevenbergMarquardtOptimizer,FN
Math,69,org.apache.commons.math.stat.correlation.PearsonsCorrelation,getCorrelationPValues,FN
Math,7,org.apache.commons.math3.ode.AbstractIntegrator,compare,FN
Math,70,org.apache.commons.math.analysis.solvers.BisectionSolver,solve,FN
Math,75,org.apache.commons.math.stat.Frequency,getPct,FN
Math,77,org.apache.commons.math.linear.ArrayRealVector,getLInfNorm,FN
Math,77,org.apache.commons.math.linear.OpenMapRealVector,getLInfNorm,FN
Math,79,org.apache.commons.math.util.MathUtils,distance,FN
Math,8,org.apache.commons.math3.distribution.DiscreteDistribution,sample,FN
Math,80,org.apache.commons.math.linear.EigenDecompositionImpl,flipIfWarranted,FN
Math,81,org.apache.commons.math.linear.EigenDecompositionImpl,computeGershgorinCircles,FN
Math,82,org.apache.commons.math.optimization.linear.SimplexSolver,getPivotRow,FN
Math,83,org.apache.commons.math.optimization.linear.SimplexTableau,getSolution,FN
Math,84,org.apache.commons.math.optimization.direct.MultiDirectional,iterateSimplex,FN
Math,86,org.apache.commons.math.linear.CholeskyDecompositionImpl,CholeskyDecompositionImpl,FN
Math,87,org.apache.commons.math.optimization.linear.SimplexTableau,getBasicRow,FN
Math,88,org.apache.commons.math.optimization.linear.SimplexTableau,getSolution,FN
Math,92,org.apache.commons.math.util.MathUtils,binomialCoefficientDouble,FN
Math,92,org.apache.commons.math.util.MathUtils,cosh,FN
Math,93,org.apache.commons.math.util.MathUtils,factorial,FN
Math,93,org.apache.commons.math.util.MathUtils,factorialDouble,FN
Math,93,org.apache.commons.math.util.MathUtils,factorialLog,FN
Math,95,org.apache.commons.math.distribution.FDistributionImpl,getInitialDomain,FN
Math,98,org.apache.commons.math.linear.RealMatrixImpl,operate,FN
Time,1,org.joda.time.Partial,Partial,FN
Time,1,org.joda.time.field.UnsupportedDurationField,compareTo,FN
Time,11,org.joda.time.tz.ZoneInfoCompiler,initialValue,FN
Time,12,org.joda.time.LocalDate,fromCalendarFields,FN
Time,12,org.joda.time.LocalDate,fromDateFields,FN
Time,12,org.joda.time.LocalDateTime,fromCalendarFields,FN
Time,12,org.joda.time.LocalDateTime,fromDateFields,FN
Time,13,org.joda.time.format.PeriodFormatterBuilder,calculatePrintedLength,FN
Time,13,org.joda.time.format.PeriodFormatterBuilder,printTo,FN
Time,16,org.joda.time.format.DateTimeFormatter,parseInto,FN
Time,17,org.joda.time.DateTimeZone,adjustOffset,FN
Time,19,org.joda.time.DateTimeZone,getOffsetFromLocal,FN
Time,2,org.joda.time.Partial,with,FN
Time,2,org.joda.time.field.UnsupportedDurationField,compareTo,FN
Time,20,org.joda.time.format.DateTimeFormatterBuilder,parseInto,FN
Time,23,org.joda.time.DateTimeZone,getConvertedId,FN
Time,24,org.joda.time.format.DateTimeParserBucket,computeMillis,FN
Time,25,org.joda.time.DateTimeZone,getOffsetFromLocal,FN
Time,26,org.joda.time.chrono.ZonedChronology,add,FN
Time,26,org.joda.time.chrono.ZonedChronology,getDifference,FN
Time,26,org.joda.time.chrono.ZonedChronology,roundCeiling,FN
Time,26,org.joda.time.chrono.ZonedChronology,roundFloor,FN
Time,26,org.joda.time.chrono.ZonedChronology,set,FN
Time,26,org.joda.time.field.LenientDateTimeField,set,FN
Time,3,org.joda.time.MutableDateTime,add,FN
Time,3,org.joda.time.MutableDateTime,addDays,FN
Time,3,org.joda.time.MutableDateTime,addHours,FN
Time,3,org.joda.time.MutableDateTime,addMillis,FN
Time,3,org.joda.time.MutableDateTime,addMinutes,FN
Time,3,org.joda.time.MutableDateTime,addMonths,FN
Time,3,org.joda.time.MutableDateTime,addSeconds,FN
Time,3,org.joda.time.MutableDateTime,addWeeks,FN
Time,3,org.joda.time.MutableDateTime,addWeekyears,FN
Time,3,org.joda.time.MutableDateTime,addYears,FN
Time,4,org.joda.time.Partial,with,FN
Time,6,org.joda.time.chrono.GJChronology,add,FN
Time,7,org.joda.time.format.DateTimeFormatter,parseInto,FN
Time,9,org.joda.time.DateTimeZone,forOffsetMillis,FN
