project,bug_id,classname,method_name,file_path
Chart,1,org.jfree.chart.renderer.category.AbstractCategoryItemRenderer,getLegendItems,source/org/jfree/chart/renderer/category/AbstractCategoryItemRenderer.java
Chart,2,org.jfree.data.general.DatasetUtilities,iterateDomainBounds,source/org/jfree/data/general/DatasetUtilities.java
Chart,2,org.jfree.data.general.DatasetUtilities,iterateRangeBounds,source/org/jfree/data/general/DatasetUtilities.java
Chart,3,org.jfree.data.time.TimeSeries,createCopy,source/org/jfree/data/time/TimeSeries.java
Chart,4,org.jfree.chart.plot.XYPlot,getDataRange,source/org/jfree/chart/plot/XYPlot.java
Chart,5,org.jfree.data.xy.XYSeries,addOrUpdate,source/org/jfree/data/xy/XYSeries.java
Chart,6,org.jfree.chart.util.ShapeList,equals,source/org/jfree/chart/util/ShapeList.java
Chart,7,org.jfree.data.time.TimePeriodValues,updateBounds,source/org/jfree/data/time/TimePeriodValues.java
Chart,8,org.jfree.data.time.Week,Week,source/org/jfree/data/time/Week.java
Chart,9,org.jfree.data.time.TimeSeries,createCopy,source/org/jfree/data/time/TimeSeries.java
Chart,10,org.jfree.chart.imagemap.StandardToolTipTagFragmentGenerator,generateToolTipFragment,source/org/jfree/chart/imagemap/StandardToolTipTagFragmentGenerator.java
Chart,11,org.jfree.chart.util.ShapeUtilities,equal,source/org/jfree/chart/util/ShapeUtilities.java
Chart,12,org.jfree.chart.plot.MultiplePiePlot,MultiplePiePlot,source/org/jfree/chart/plot/MultiplePiePlot.java
Chart,13,org.jfree.chart.block.BorderArrangement,arrangeFF,source/org/jfree/chart/block/BorderArrangement.java
Chart,14,org.jfree.chart.plot.CategoryPlot,removeDomainMarker,source/org/jfree/chart/plot/CategoryPlot.java
Chart,14,org.jfree.chart.plot.CategoryPlot,removeRangeMarker,source/org/jfree/chart/plot/CategoryPlot.java
Chart,14,org.jfree.chart.plot.XYPlot,removeDomainMarker,source/org/jfree/chart/plot/XYPlot.java
Chart,14,org.jfree.chart.plot.XYPlot,removeRangeMarker,source/org/jfree/chart/plot/XYPlot.java
Chart,15,org.jfree.chart.plot.PiePlot,getMaximumExplodePercent,source/org/jfree/chart/plot/PiePlot.java
Chart,15,org.jfree.chart.plot.PiePlot,initialise,source/org/jfree/chart/plot/PiePlot.java
Chart,16,org.jfree.data.category.DefaultIntervalCategoryDataset,DefaultIntervalCategoryDataset,source/org/jfree/data/category/DefaultIntervalCategoryDataset.java
Chart,16,org.jfree.data.category.DefaultIntervalCategoryDataset,setCategoryKeys,source/org/jfree/data/category/DefaultIntervalCategoryDataset.java
Chart,17,org.jfree.data.time.TimeSeries,clone,source/org/jfree/data/time/TimeSeries.java
Chart,18,org.jfree.data.DefaultKeyedValues,removeValue,source/org/jfree/data/DefaultKeyedValues.java
Chart,18,org.jfree.data.DefaultKeyedValues2D,removeColumn,source/org/jfree/data/DefaultKeyedValues2D.java
Chart,19,org.jfree.chart.plot.CategoryPlot,getDomainAxisIndex,source/org/jfree/chart/plot/CategoryPlot.java
Chart,19,org.jfree.chart.plot.CategoryPlot,getRangeAxisIndex,source/org/jfree/chart/plot/CategoryPlot.java
Chart,20,org.jfree.chart.plot.ValueMarker,ValueMarker,source/org/jfree/chart/plot/ValueMarker.java
Chart,21,org.jfree.data.statistics.DefaultBoxAndWhiskerCategoryDataset,add,source/org/jfree/data/statistics/DefaultBoxAndWhiskerCategoryDataset.java
Chart,21,org.jfree.data.statistics.DefaultBoxAndWhiskerCategoryDataset,updateBounds,source/org/jfree/data/statistics/DefaultBoxAndWhiskerCategoryDataset.java
Chart,22,org.jfree.data.KeyedObjects2D,getObject,source/org/jfree/data/KeyedObjects2D.java
Chart,22,org.jfree.data.KeyedObjects2D,removeObject,source/org/jfree/data/KeyedObjects2D.java
Chart,22,org.jfree.data.KeyedObjects2D,removeRow,source/org/jfree/data/KeyedObjects2D.java
Chart,22,org.jfree.data.KeyedObjects2D,equals,source/org/jfree/data/KeyedObjects2D.java
Chart,23,org.jfree.chart.renderer.category.MinMaxCategoryRenderer,equals,source/org/jfree/chart/renderer/category/MinMaxCategoryRenderer.java
Chart,24,org.jfree.chart.renderer.GrayPaintScale,getPaint,source/org/jfree/chart/renderer/GrayPaintScale.java
Chart,25,org.jfree.chart.renderer.category.StatisticalBarRenderer,drawHorizontalItem,source/org/jfree/chart/renderer/category/StatisticalBarRenderer.java
Chart,25,org.jfree.chart.renderer.category.StatisticalBarRenderer,drawVerticalItem,source/org/jfree/chart/renderer/category/StatisticalBarRenderer.java
Chart,26,org.jfree.chart.axis.Axis,drawLabel,source/org/jfree/chart/axis/Axis.java
Closure,1,com.google.javascript.jscomp.RemoveUnusedVars,removeUnreferencedFunctionArgs,src/com/google/javascript/jscomp/RemoveUnusedVars.java
Closure,2,com.google.javascript.jscomp.TypeCheck,checkInterfaceConflictProperties,src/com/google/javascript/jscomp/TypeCheck.java
Closure,3,com.google.javascript.jscomp.FlowSensitiveInlineVariables,enterScope,src/com/google/javascript/jscomp/FlowSensitiveInlineVariables.java
Closure,3,com.google.javascript.jscomp.FlowSensitiveInlineVariables,canInline,src/com/google/javascript/jscomp/FlowSensitiveInlineVariables.java
Closure,3,com.google.javascript.jscomp.FlowSensitiveInlineVariables,apply,src/com/google/javascript/jscomp/FlowSensitiveInlineVariables.java
Closure,4,com.google.javascript.rhino.jstype.NamedType,resolveInternal,src/com/google/javascript/rhino/jstype/NamedType.java
Closure,5,com.google.javascript.jscomp.InlineObjectLiterals,isInlinableObject,src/com/google/javascript/jscomp/InlineObjectLiterals.java
Closure,6,com.google.javascript.jscomp.TypeValidator,expectCanAssignToPropertyOf,src/com/google/javascript/jscomp/TypeValidator.java
Closure,6,com.google.javascript.jscomp.TypeValidator,expectCanAssignTo,src/com/google/javascript/jscomp/TypeValidator.java
Closure,7,com.google.javascript.jscomp.type.ChainableReverseAbstractInterpreter,caseObjectType,src/com/google/javascript/jscomp/type/ChainableReverseAbstractInterpreter.java
Closure,8,com.google.javascript.jscomp.CollapseVariableDeclarations,isNamedParameter,src/com/google/javascript/jscomp/CollapseVariableDeclarations.java
Closure,9,com.google.javascript.jscomp.ProcessCommonJSModules,normalizeSourceName,src/com/google/javascript/jscomp/ProcessCommonJSModules.java
Closure,9,com.google.javascript.jscomp.ProcessCommonJSModules,visitScript,src/com/google/javascript/jscomp/ProcessCommonJSModules.java
Closure,10,com.google.javascript.jscomp.NodeUtil,mayBeString,src/com/google/javascript/jscomp/NodeUtil.java
Closure,11,com.google.javascript.jscomp.TypeCheck,visitGetProp,src/com/google/javascript/jscomp/TypeCheck.java
Closure,12,com.google.javascript.jscomp.MaybeReachingVariableUse,hasExceptionHandler,src/com/google/javascript/jscomp/MaybeReachingVariableUse.java
Closure,13,com.google.javascript.jscomp.PeepholeOptimizationsPass,traverse,src/com/google/javascript/jscomp/PeepholeOptimizationsPass.java
Closure,14,com.google.javascript.jscomp.ControlFlowAnalysis,computeFollowNode,src/com/google/javascript/jscomp/ControlFlowAnalysis.java
Closure,15,com.google.javascript.jscomp.FlowSensitiveInlineVariables,apply,src/com/google/javascript/jscomp/FlowSensitiveInlineVariables.java
Closure,16,com.google.javascript.jscomp.ScopedAliases,applyAlias,src/com/google/javascript/jscomp/ScopedAliases.java
Closure,16,com.google.javascript.jscomp.ScopedAliases,fixTypeNode,src/com/google/javascript/jscomp/ScopedAliases.java
Closure,17,com.google.javascript.jscomp.TypedScopeCreator,getDeclaredType,src/com/google/javascript/jscomp/TypedScopeCreator.java
Closure,18,com.google.javascript.jscomp.Compiler,parseInputs,src/com/google/javascript/jscomp/Compiler.java
Closure,19,com.google.javascript.jscomp.type.ChainableReverseAbstractInterpreter,declareNameInScope,src/com/google/javascript/jscomp/type/ChainableReverseAbstractInterpreter.java
Closure,20,com.google.javascript.jscomp.PeepholeSubstituteAlternateSyntax,tryFoldSimpleFunctionCall,src/com/google/javascript/jscomp/PeepholeSubstituteAlternateSyntax.java
Closure,21,com.google.javascript.jscomp.CheckSideEffects,visit,src/com/google/javascript/jscomp/CheckSideEffects.java
Closure,22,com.google.javascript.jscomp.CheckSideEffects,visit,src/com/google/javascript/jscomp/CheckSideEffects.java
Closure,23,com.google.javascript.jscomp.PeepholeFoldConstants,tryFoldArrayAccess,src/com/google/javascript/jscomp/PeepholeFoldConstants.java
Closure,24,com.google.javascript.jscomp.ScopedAliases,findAliases,src/com/google/javascript/jscomp/ScopedAliases.java
Closure,25,com.google.javascript.jscomp.TypeInference,traverseNew,src/com/google/javascript/jscomp/TypeInference.java
Closure,26,com.google.javascript.jscomp.ProcessCommonJSModules,visit,src/com/google/javascript/jscomp/ProcessCommonJSModules.java
Closure,26,com.google.javascript.jscomp.ProcessCommonJSModules,emitOptionalModuleExportsOverride,src/com/google/javascript/jscomp/ProcessCommonJSModules.java
Closure,26,com.google.javascript.jscomp.ProcessCommonJSModules,visitModuleExports,src/com/google/javascript/jscomp/ProcessCommonJSModules.java
Closure,27,com.google.javascript.rhino.IR,blockUnchecked,src/com/google/javascript/rhino/IR.java
Closure,27,com.google.javascript.rhino.IR,tryFinally,src/com/google/javascript/rhino/IR.java
Closure,27,com.google.javascript.rhino.IR,tryCatch,src/com/google/javascript/rhino/IR.java
Closure,28,com.google.javascript.jscomp.InlineCostEstimator,getCost,src/com/google/javascript/jscomp/InlineCostEstimator.java
Closure,29,com.google.javascript.jscomp.InlineObjectLiterals,isInlinableObject,src/com/google/javascript/jscomp/InlineObjectLiterals.java
Closure,30,com.google.javascript.jscomp.FlowSensitiveInlineVariables,process,src/com/google/javascript/jscomp/FlowSensitiveInlineVariables.java
Closure,30,com.google.javascript.jscomp.MustBeReachingVariableDef,visit,src/com/google/javascript/jscomp/MustBeReachingVariableDef.java
Closure,30,com.google.javascript.jscomp.MustBeReachingVariableDef,dependsOnOuterScopeVars,src/com/google/javascript/jscomp/MustBeReachingVariableDef.java
Closure,31,com.google.javascript.jscomp.Compiler,parseInputs,src/com/google/javascript/jscomp/Compiler.java
Closure,32,com.google.javascript.jscomp.parsing.JsDocInfoParser,extractMultilineTextualBlock,src/com/google/javascript/jscomp/parsing/JsDocInfoParser.java
Closure,33,com.google.javascript.rhino.jstype.PrototypeObjectType,matchConstraint,src/com/google/javascript/rhino/jstype/PrototypeObjectType.java
Closure,34,com.google.javascript.jscomp.CodeGenerator,add,src/com/google/javascript/jscomp/CodeGenerator.java
Closure,34,com.google.javascript.jscomp.CodeGenerator,unrollBinaryOperator,src/com/google/javascript/jscomp/CodeGenerator.java
Closure,34,com.google.javascript.jscomp.CodePrinter,PrettyCodePrinter,src/com/google/javascript/jscomp/CodePrinter.java
Closure,35,com.google.javascript.jscomp.TypeInference,inferPropertyTypesToMatchConstraint,src/com/google/javascript/jscomp/TypeInference.java
Closure,36,com.google.javascript.jscomp.InlineVariables,canInline,src/com/google/javascript/jscomp/InlineVariables.java
Closure,37,com.google.javascript.jscomp.NodeTraversal,traverseFunction,src/com/google/javascript/jscomp/NodeTraversal.java
Closure,37,com.google.javascript.jscomp.parsing.IRFactory,isDirective,src/com/google/javascript/jscomp/parsing/IRFactory.java
Closure,38,com.google.javascript.jscomp.CodeConsumer,addNumber,src/com/google/javascript/jscomp/CodeConsumer.java
Closure,39,com.google.javascript.rhino.jstype.PrototypeObjectType,toStringHelper,src/com/google/javascript/rhino/jstype/PrototypeObjectType.java
Closure,40,com.google.javascript.jscomp.NameAnalyzer,visit,src/com/google/javascript/jscomp/NameAnalyzer.java
Closure,41,com.google.javascript.jscomp.FunctionTypeBuilder,inferFromOverriddenFunction,src/com/google/javascript/jscomp/FunctionTypeBuilder.java
Closure,41,com.google.javascript.jscomp.FunctionTypeBuilder,inferParameterTypes,src/com/google/javascript/jscomp/FunctionTypeBuilder.java
Closure,42,com.google.javascript.jscomp.parsing.IRFactory,isDirective,src/com/google/javascript/jscomp/parsing/IRFactory.java
Closure,43,com.google.javascript.jscomp.TypedScopeCreator,getNativeType,src/com/google/javascript/jscomp/TypedScopeCreator.java
Closure,43,com.google.javascript.jscomp.TypedScopeCreator,attachLiteralTypes,src/com/google/javascript/jscomp/TypedScopeCreator.java
Closure,44,com.google.javascript.jscomp.CodeConsumer,add,src/com/google/javascript/jscomp/CodeConsumer.java
Closure,45,com.google.javascript.jscomp.RemoveUnusedVars,interpretAssigns,src/com/google/javascript/jscomp/RemoveUnusedVars.java
Closure,45,com.google.javascript.jscomp.RemoveUnusedVars,removeUnreferencedVars,src/com/google/javascript/jscomp/RemoveUnusedVars.java
Closure,46,com.google.javascript.rhino.jstype.RecordType,getLeastSupertype,src/com/google/javascript/rhino/jstype/RecordType.java
Closure,47,com.google.debugging.sourcemap.SourceMapConsumerV3,getOriginalMappingForEntry,src/com/google/debugging/sourcemap/SourceMapConsumerV3.java
Closure,47,com.google.javascript.jscomp.SourceMap,addMapping,src/com/google/javascript/jscomp/SourceMap.java
Closure,48,com.google.javascript.jscomp.TypedScopeCreator,applyDelegateRelationship,src/com/google/javascript/jscomp/TypedScopeCreator.java
Closure,49,com.google.javascript.jscomp.MakeDeclaredNamesUnique,enterScope,src/com/google/javascript/jscomp/MakeDeclaredNamesUnique.java
Closure,49,com.google.javascript.jscomp.MakeDeclaredNamesUnique,shouldTraverse,src/com/google/javascript/jscomp/MakeDeclaredNamesUnique.java
Closure,49,com.google.javascript.jscomp.MakeDeclaredNamesUnique,visit,src/com/google/javascript/jscomp/MakeDeclaredNamesUnique.java
Closure,50,com.google.javascript.jscomp.PeepholeReplaceKnownMethods,tryFoldArrayJoin,src/com/google/javascript/jscomp/PeepholeReplaceKnownMethods.java
Closure,51,com.google.javascript.jscomp.CodeConsumer,addNumber,src/com/google/javascript/jscomp/CodeConsumer.java
Closure,51,com.google.javascript.jscomp.CodeConsumer,isNegativeZero,src/com/google/javascript/jscomp/CodeConsumer.java
Closure,52,com.google.javascript.jscomp.CodeGenerator,getSimpleNumber,src/com/google/javascript/jscomp/CodeGenerator.java
Closure,53,com.google.javascript.jscomp.InlineObjectLiterals,replaceAssignmentExpression,src/com/google/javascript/jscomp/InlineObjectLiterals.java
Closure,54,com.google.javascript.jscomp.TypedScopeCreator,applyDelegateRelationship,src/com/google/javascript/jscomp/TypedScopeCreator.java
Closure,54,com.google.javascript.rhino.jstype.FunctionType,setPrototypeBasedOn,src/com/google/javascript/rhino/jstype/FunctionType.java
Closure,54,com.google.javascript.rhino.jstype.FunctionType,setPrototype,src/com/google/javascript/rhino/jstype/FunctionType.java
Closure,55,com.google.javascript.jscomp.FunctionRewriter,isReduceableFunctionExpression,src/com/google/javascript/jscomp/FunctionRewriter.java
Closure,56,com.google.javascript.jscomp.SourceFile,getLine,src/com/google/javascript/jscomp/SourceFile.java
Closure,57,com.google.javascript.jscomp.ClosureCodingConvention,extractClassNameIfGoog,src/com/google/javascript/jscomp/ClosureCodingConvention.java
Closure,58,com.google.javascript.jscomp.LiveVariablesAnalysis,computeGenKill,src/com/google/javascript/jscomp/LiveVariablesAnalysis.java
Closure,59,com.google.javascript.jscomp.Compiler,initOptions,src/com/google/javascript/jscomp/Compiler.java
Closure,60,com.google.javascript.jscomp.NodeUtil,getImpureBooleanValue,src/com/google/javascript/jscomp/NodeUtil.java
Closure,60,com.google.javascript.jscomp.NodeUtil,getPureBooleanValue,src/com/google/javascript/jscomp/NodeUtil.java
Closure,61,com.google.javascript.jscomp.NodeUtil,functionCallHasSideEffects,src/com/google/javascript/jscomp/NodeUtil.java
Closure,62,com.google.javascript.jscomp.LightweightMessageFormatter,format,src/com/google/javascript/jscomp/LightweightMessageFormatter.java
Closure,64,com.google.javascript.jscomp.Compiler,call,src/com/google/javascript/jscomp/Compiler.java
Closure,64,com.google.javascript.jscomp.Compiler,toSource,src/com/google/javascript/jscomp/Compiler.java
Closure,65,com.google.javascript.jscomp.CodeGenerator,strEscape,src/com/google/javascript/jscomp/CodeGenerator.java
Closure,66,com.google.javascript.jscomp.TypeCheck,visit,src/com/google/javascript/jscomp/TypeCheck.java
Closure,67,com.google.javascript.jscomp.AnalyzePrototypeProperties,isPrototypePropertyAssign,src/com/google/javascript/jscomp/AnalyzePrototypeProperties.java
Closure,68,com.google.javascript.jscomp.parsing.JsDocInfoParser,parseBasicTypeExpression,src/com/google/javascript/jscomp/parsing/JsDocInfoParser.java
Closure,68,com.google.javascript.jscomp.parsing.JsDocInfoParser,parseFunctionType,src/com/google/javascript/jscomp/parsing/JsDocInfoParser.java
Closure,69,com.google.javascript.jscomp.TypeCheck,visitCall,src/com/google/javascript/jscomp/TypeCheck.java
Closure,70,com.google.javascript.jscomp.TypedScopeCreator,declareArguments,src/com/google/javascript/jscomp/TypedScopeCreator.java
Closure,71,com.google.javascript.jscomp.CheckAccessControls,checkPropertyVisibility,src/com/google/javascript/jscomp/CheckAccessControls.java
Closure,72,com.google.javascript.jscomp.FunctionToBlockMutator,makeLocalNamesUnique,src/com/google/javascript/jscomp/FunctionToBlockMutator.java
Closure,72,com.google.javascript.jscomp.RenameLabels,visitLabel,src/com/google/javascript/jscomp/RenameLabels.java
Closure,73,com.google.javascript.jscomp.CodeGenerator,strEscape,src/com/google/javascript/jscomp/CodeGenerator.java
Closure,74,com.google.javascript.jscomp.PeepholeFoldConstants,tryFoldComparison,src/com/google/javascript/jscomp/PeepholeFoldConstants.java
Closure,74,com.google.javascript.jscomp.PeepholeFoldConstants,getNormalizedNodeType,src/com/google/javascript/jscomp/PeepholeFoldConstants.java
Closure,75,com.google.javascript.jscomp.NodeUtil,getStringNumberValue,src/com/google/javascript/jscomp/NodeUtil.java
Closure,75,com.google.javascript.jscomp.NodeUtil,isStrWhiteSpaceChar,src/com/google/javascript/jscomp/NodeUtil.java
Closure,76,com.google.javascript.jscomp.DeadAssignmentsElimination,isVariableStillLiveWithinExpression,src/com/google/javascript/jscomp/DeadAssignmentsElimination.java
Closure,76,com.google.javascript.jscomp.DeadAssignmentsElimination,isVariableReadBeforeKill,src/com/google/javascript/jscomp/DeadAssignmentsElimination.java
Closure,76,com.google.javascript.jscomp.DeadAssignmentsElimination,checkHookBranchReadBeforeKill,src/com/google/javascript/jscomp/DeadAssignmentsElimination.java
Closure,77,com.google.javascript.jscomp.CodeGenerator,strEscape,src/com/google/javascript/jscomp/CodeGenerator.java
Closure,78,com.google.javascript.jscomp.PeepholeFoldConstants,performArithmeticOp,src/com/google/javascript/jscomp/PeepholeFoldConstants.java
Closure,79,com.google.javascript.jscomp.Normalize,process,src/com/google/javascript/jscomp/Normalize.java
Closure,79,com.google.javascript.jscomp.VarCheck,createSynthesizedExternVar,src/com/google/javascript/jscomp/VarCheck.java
Closure,80,com.google.javascript.jscomp.NodeUtil,isBooleanResultHelper,src/com/google/javascript/jscomp/NodeUtil.java
Closure,80,com.google.javascript.jscomp.NodeUtil,evaluatesToLocalValue,src/com/google/javascript/jscomp/NodeUtil.java
Closure,81,com.google.javascript.jscomp.parsing.IRFactory,isDirective,src/com/google/javascript/jscomp/parsing/IRFactory.java
Closure,82,com.google.javascript.rhino.jstype.JSType,isEmptyType,src/com/google/javascript/rhino/jstype/JSType.java
Closure,83,com.google.javascript.jscomp.CommandLineRunner,parseArguments,src/com/google/javascript/jscomp/CommandLineRunner.java
Closure,84,com.google.javascript.jscomp.parsing.IRFactory,transformAsString,src/com/google/javascript/jscomp/parsing/IRFactory.java
Closure,84,com.google.javascript.jscomp.parsing.IRFactory,processFunctionNode,src/com/google/javascript/jscomp/parsing/IRFactory.java
Closure,84,com.google.javascript.jscomp.parsing.IRFactory,validAssignmentTarget,src/com/google/javascript/jscomp/parsing/IRFactory.java
Closure,85,com.google.javascript.jscomp.UnreachableCodeElimination,tryRemoveUnconditionalBranching,src/com/google/javascript/jscomp/UnreachableCodeElimination.java
Closure,85,com.google.javascript.jscomp.UnreachableCodeElimination,computeFollowing,src/com/google/javascript/jscomp/UnreachableCodeElimination.java
Closure,86,com.google.javascript.jscomp.NodeUtil,evaluatesToLocalValue,src/com/google/javascript/jscomp/NodeUtil.java
Closure,87,com.google.javascript.jscomp.PeepholeSubstituteAlternateSyntax,isFoldableExpressBlock,src/com/google/javascript/jscomp/PeepholeSubstituteAlternateSyntax.java
Closure,88,com.google.javascript.jscomp.DeadAssignmentsElimination,isVariableReadBeforeKill,src/com/google/javascript/jscomp/DeadAssignmentsElimination.java
Closure,89,com.google.javascript.jscomp.CollapseProperties,updateSimpleDeclaration,src/com/google/javascript/jscomp/CollapseProperties.java
Closure,90,com.google.javascript.jscomp.FunctionTypeBuilder,apply,src/com/google/javascript/jscomp/FunctionTypeBuilder.java
Closure,90,com.google.javascript.rhino.jstype.FunctionType,resolveInternal,src/com/google/javascript/rhino/jstype/FunctionType.java
Closure,91,com.google.javascript.jscomp.CheckGlobalThis,shouldTraverse,src/com/google/javascript/jscomp/CheckGlobalThis.java
Closure,92,com.google.javascript.jscomp.ProcessClosurePrimitives,updateMinimumModule,src/com/google/javascript/jscomp/ProcessClosurePrimitives.java
Closure,94,com.google.javascript.jscomp.NodeUtil,isValidDefineValue,src/com/google/javascript/jscomp/NodeUtil.java
Closure,95,com.google.javascript.jscomp.TypedScopeCreator,defineSlot,src/com/google/javascript/jscomp/TypedScopeCreator.java
Closure,96,com.google.javascript.jscomp.TypeCheck,visitParameterList,src/com/google/javascript/jscomp/TypeCheck.java
Closure,97,com.google.javascript.jscomp.PeepholeFoldConstants,tryFoldShift,src/com/google/javascript/jscomp/PeepholeFoldConstants.java
Closure,98,com.google.javascript.jscomp.ReferenceCollectingCallback,isInitializingAssignmentAt,src/com/google/javascript/jscomp/ReferenceCollectingCallback.java
Closure,98,com.google.javascript.jscomp.ReferenceCollectingCallback,getSourceName,src/com/google/javascript/jscomp/ReferenceCollectingCallback.java
Closure,99,com.google.javascript.jscomp.CheckGlobalThis,shouldTraverse,src/com/google/javascript/jscomp/CheckGlobalThis.java
Closure,100,com.google.javascript.jscomp.CheckGlobalThis,shouldTraverse,src/com/google/javascript/jscomp/CheckGlobalThis.java
Closure,100,com.google.javascript.jscomp.CheckGlobalThis,shouldReportThis,src/com/google/javascript/jscomp/CheckGlobalThis.java
Closure,101,com.google.javascript.jscomp.CommandLineRunner,createOptions,src/com/google/javascript/jscomp/CommandLineRunner.java
Closure,102,com.google.javascript.jscomp.Normalize,process,src/com/google/javascript/jscomp/Normalize.java
Closure,103,com.google.javascript.jscomp.ControlFlowAnalysis,mayThrowException,src/com/google/javascript/jscomp/ControlFlowAnalysis.java
Closure,103,com.google.javascript.jscomp.DisambiguateProperties,getTypesToSkipForTypeNonUnion,src/com/google/javascript/jscomp/DisambiguateProperties.java
Closure,104,com.google.javascript.rhino.jstype.UnionType,meet,src/com/google/javascript/rhino/jstype/UnionType.java
Closure,105,com.google.javascript.jscomp.FoldConstants,tryFoldStringJoin,src/com/google/javascript/jscomp/FoldConstants.java
Closure,106,com.google.javascript.rhino.JSDocInfoBuilder,recordBlockDescription,src/com/google/javascript/rhino/JSDocInfoBuilder.java
Closure,107,com.google.javascript.jscomp.CommandLineRunner,createOptions,src/com/google/javascript/jscomp/CommandLineRunner.java
Closure,108,com.google.javascript.jscomp.ScopedAliases,applyAlias,src/com/google/javascript/jscomp/ScopedAliases.java
Closure,108,com.google.javascript.jscomp.ScopedAliases,exitScope,src/com/google/javascript/jscomp/ScopedAliases.java
Closure,108,com.google.javascript.jscomp.ScopedAliases,findAliases,src/com/google/javascript/jscomp/ScopedAliases.java
Closure,108,com.google.javascript.jscomp.ScopedAliases,visit,src/com/google/javascript/jscomp/ScopedAliases.java
Closure,109,com.google.javascript.jscomp.parsing.JsDocInfoParser,parseContextTypeExpression,src/com/google/javascript/jscomp/parsing/JsDocInfoParser.java
Closure,110,com.google.javascript.jscomp.ScopedAliases,findAliases,src/com/google/javascript/jscomp/ScopedAliases.java
Closure,110,com.google.javascript.rhino.Node,getChildBefore,src/com/google/javascript/rhino/Node.java
Closure,111,com.google.javascript.jscomp.type.ClosureReverseAbstractInterpreter,caseTopType,src/com/google/javascript/jscomp/type/ClosureReverseAbstractInterpreter.java
Closure,112,com.google.javascript.jscomp.TypeInference,apply,src/com/google/javascript/jscomp/TypeInference.java
Closure,113,com.google.javascript.jscomp.ProcessClosurePrimitives,processRequireCall,src/com/google/javascript/jscomp/ProcessClosurePrimitives.java
Closure,114,com.google.javascript.jscomp.NameAnalyzer,recordAssignment,src/com/google/javascript/jscomp/NameAnalyzer.java
Closure,115,com.google.javascript.jscomp.FunctionInjector,canInlineReferenceDirectly,src/com/google/javascript/jscomp/FunctionInjector.java
Closure,116,com.google.javascript.jscomp.FunctionInjector,canInlineReferenceDirectly,src/com/google/javascript/jscomp/FunctionInjector.java
Closure,117,com.google.javascript.jscomp.TypeValidator,getReadableJSTypeName,src/com/google/javascript/jscomp/TypeValidator.java
Closure,118,com.google.javascript.jscomp.DisambiguateProperties,handleObjectLit,src/com/google/javascript/jscomp/DisambiguateProperties.java
Closure,119,com.google.javascript.jscomp.GlobalNamespace,collect,src/com/google/javascript/jscomp/GlobalNamespace.java
Closure,120,com.google.javascript.jscomp.ReferenceCollectingCallback,isInitializingAssignmentAt,src/com/google/javascript/jscomp/ReferenceCollectingCallback.java
Closure,121,com.google.javascript.jscomp.InlineVariables,inlineNonConstants,src/com/google/javascript/jscomp/InlineVariables.java
Closure,122,com.google.javascript.jscomp.parsing.IRFactory,handleBlockComment,src/com/google/javascript/jscomp/parsing/IRFactory.java
Closure,123,com.google.javascript.jscomp.CodeGenerator,add,src/com/google/javascript/jscomp/CodeGenerator.java
Closure,124,com.google.javascript.jscomp.ExploitAssigns,isSafeReplacement,src/com/google/javascript/jscomp/ExploitAssigns.java
Closure,125,com.google.javascript.jscomp.TypeCheck,visitNew,src/com/google/javascript/jscomp/TypeCheck.java
Closure,126,com.google.javascript.jscomp.MinimizeExitPoints,tryMinimizeExits,src/com/google/javascript/jscomp/MinimizeExitPoints.java
Closure,127,com.google.javascript.jscomp.UnreachableCodeElimination,inFinally,src/com/google/javascript/jscomp/UnreachableCodeElimination.java
Closure,128,com.google.javascript.jscomp.CodeGenerator,isSimpleNumber,src/com/google/javascript/jscomp/CodeGenerator.java
Closure,129,com.google.javascript.jscomp.PrepareAst,annotateCalls,src/com/google/javascript/jscomp/PrepareAst.java
Closure,130,com.google.javascript.jscomp.CollapseProperties,inlineAliases,src/com/google/javascript/jscomp/CollapseProperties.java
Closure,131,com.google.javascript.rhino.TokenStream,isJSIdentifier,src/com/google/javascript/rhino/TokenStream.java
Closure,132,com.google.javascript.jscomp.PeepholeSubstituteAlternateSyntax,tryMinimizeIf,src/com/google/javascript/jscomp/PeepholeSubstituteAlternateSyntax.java
Closure,133,com.google.javascript.jscomp.parsing.JsDocInfoParser,getRemainingJSDocLine,src/com/google/javascript/jscomp/parsing/JsDocInfoParser.java
Closure,134,com.google.javascript.jscomp.AmbiguateProperties,process,src/com/google/javascript/jscomp/AmbiguateProperties.java
Closure,134,com.google.javascript.jscomp.AmbiguateProperties,isIndependentOf,src/com/google/javascript/jscomp/AmbiguateProperties.java
Closure,134,com.google.javascript.jscomp.AmbiguateProperties,addNode,src/com/google/javascript/jscomp/AmbiguateProperties.java
Closure,134,com.google.javascript.jscomp.AmbiguateProperties,getJSType,src/com/google/javascript/jscomp/AmbiguateProperties.java
Closure,134,com.google.javascript.jscomp.AmbiguateProperties,addNonUnionType,src/com/google/javascript/jscomp/AmbiguateProperties.java
Closure,134,com.google.javascript.jscomp.TypedScopeCreator,findOverriddenFunction,src/com/google/javascript/jscomp/TypedScopeCreator.java
Closure,135,com.google.javascript.jscomp.DevirtualizePrototypeMethods,replaceReferencesToThis,src/com/google/javascript/jscomp/DevirtualizePrototypeMethods.java
Closure,135,com.google.javascript.rhino.jstype.FunctionType,hasOwnProperty,src/com/google/javascript/rhino/jstype/FunctionType.java
Closure,135,com.google.javascript.rhino.jstype.FunctionType,defineProperty,src/com/google/javascript/rhino/jstype/FunctionType.java
Closure,136,com.google.javascript.jscomp.MethodCompilerPass,addPossibleSignature,src/com/google/javascript/jscomp/MethodCompilerPass.java
Closure,136,com.google.javascript.jscomp.RenameVars,visit,src/com/google/javascript/jscomp/RenameVars.java
Closure,137,com.google.javascript.jscomp.MakeDeclaredNamesUnique,ContextualRenameInverter,src/com/google/javascript/jscomp/MakeDeclaredNamesUnique.java
Closure,137,com.google.javascript.jscomp.MakeDeclaredNamesUnique,containsSeparator,src/com/google/javascript/jscomp/MakeDeclaredNamesUnique.java
Closure,137,com.google.javascript.jscomp.MakeDeclaredNamesUnique,addDeclaredName,src/com/google/javascript/jscomp/MakeDeclaredNamesUnique.java
Closure,137,com.google.javascript.jscomp.MakeDeclaredNamesUnique,reserveName,src/com/google/javascript/jscomp/MakeDeclaredNamesUnique.java
Closure,137,com.google.javascript.jscomp.NodeUtil,isReferenceName,src/com/google/javascript/jscomp/NodeUtil.java
Closure,137,com.google.javascript.jscomp.Normalize,process,src/com/google/javascript/jscomp/Normalize.java
Closure,138,com.google.javascript.jscomp.ClosureReverseAbstractInterpreter,getPreciserScopeKnowingConditionOutcome,src/com/google/javascript/jscomp/ClosureReverseAbstractInterpreter.java
Closure,138,com.google.javascript.jscomp.TypeInference,traverseName,src/com/google/javascript/jscomp/TypeInference.java
Closure,139,com.google.javascript.jscomp.Normalize,visit,src/com/google/javascript/jscomp/Normalize.java
Closure,139,com.google.javascript.jscomp.Normalize,normalizeFunctionDeclaration,src/com/google/javascript/jscomp/Normalize.java
Closure,139,com.google.javascript.jscomp.Normalize,rewriteFunctionDeclaration,src/com/google/javascript/jscomp/Normalize.java
Closure,139,com.google.javascript.jscomp.Normalize,onRedeclaration,src/com/google/javascript/jscomp/Normalize.java
Closure,140,com.google.javascript.jscomp.Compiler,init,src/com/google/javascript/jscomp/Compiler.java
Closure,140,com.google.javascript.jscomp.Compiler,fillEmptyModules,src/com/google/javascript/jscomp/Compiler.java
Closure,140,com.google.javascript.jscomp.Compiler,getNodeForCodeInsertion,src/com/google/javascript/jscomp/Compiler.java
Closure,141,com.google.javascript.jscomp.NodeUtil,canBeSideEffected,src/com/google/javascript/jscomp/NodeUtil.java
Closure,141,com.google.javascript.jscomp.PureFunctionIdentifier,getCallableDefinitions,src/com/google/javascript/jscomp/PureFunctionIdentifier.java
Closure,142,com.google.javascript.jscomp.CoalesceVariableNames,enterScope,src/com/google/javascript/jscomp/CoalesceVariableNames.java
Closure,142,com.google.javascript.jscomp.parsing.JsDocInfoParser,extractMultilineTextualBlock,src/com/google/javascript/jscomp/parsing/JsDocInfoParser.java
Closure,143,com.google.javascript.jscomp.AbstractCommandLineRunner,createDefineReplacements,src/com/google/javascript/jscomp/AbstractCommandLineRunner.java
Closure,143,com.google.javascript.jscomp.RemoveConstantExpressions,trySimplify,src/com/google/javascript/jscomp/RemoveConstantExpressions.java
Closure,144,com.google.javascript.jscomp.FunctionTypeBuilder,inferReturnType,src/com/google/javascript/jscomp/FunctionTypeBuilder.java
Closure,144,com.google.javascript.jscomp.FunctionTypeBuilder,inferReturnStatements,src/com/google/javascript/jscomp/FunctionTypeBuilder.java
Closure,144,com.google.javascript.jscomp.FunctionTypeBuilder,maybeSetBaseType,src/com/google/javascript/jscomp/FunctionTypeBuilder.java
Closure,144,com.google.javascript.jscomp.TypedScopeCreator,getFunctionType,src/com/google/javascript/jscomp/TypedScopeCreator.java
Closure,144,com.google.javascript.rhino.jstype.FunctionBuilder,withReturnType,src/com/google/javascript/rhino/jstype/FunctionBuilder.java
Closure,144,com.google.javascript.rhino.jstype.FunctionType,cloneWithNewReturnType,src/com/google/javascript/rhino/jstype/FunctionType.java
Closure,145,com.google.javascript.jscomp.CodeGenerator,isOneExactlyFunctionOrDo,src/com/google/javascript/jscomp/CodeGenerator.java
Closure,146,com.google.javascript.rhino.jstype.JSType,getTypesUnderInequality,src/com/google/javascript/rhino/jstype/JSType.java
Closure,147,com.google.javascript.jscomp.CheckGlobalThis,shouldTraverse,src/com/google/javascript/jscomp/CheckGlobalThis.java
Closure,147,com.google.javascript.jscomp.RuntimeTypeCheck,visitFunction,src/com/google/javascript/jscomp/RuntimeTypeCheck.java
Closure,148,com.google.javascript.jscomp.PeepholeFoldConstants,tryFoldTypeof,src/com/google/javascript/jscomp/PeepholeFoldConstants.java
Closure,148,com.google.javascript.jscomp.SourceMap,appendMappingTo,src/com/google/javascript/jscomp/SourceMap.java
Closure,148,com.google.javascript.jscomp.SourceMap,escapeString,src/com/google/javascript/jscomp/SourceMap.java
Closure,148,com.google.javascript.jscomp.SourceMap,addMapping,src/com/google/javascript/jscomp/SourceMap.java
Closure,148,com.google.javascript.jscomp.SourceMap,setWrapperPrefix,src/com/google/javascript/jscomp/SourceMap.java
Closure,148,com.google.javascript.jscomp.SourceMap,findLastLine,src/com/google/javascript/jscomp/SourceMap.java
Closure,148,com.google.javascript.jscomp.SourceMap,appendTo,src/com/google/javascript/jscomp/SourceMap.java
Closure,148,com.google.javascript.jscomp.SourceMap,prepMappings,src/com/google/javascript/jscomp/SourceMap.java
Closure,148,com.google.javascript.jscomp.SourceMap,visit,src/com/google/javascript/jscomp/SourceMap.java
Closure,148,com.google.javascript.jscomp.SourceMap,openLine,src/com/google/javascript/jscomp/SourceMap.java
Closure,148,com.google.javascript.jscomp.SourceMap,isOverlapped,src/com/google/javascript/jscomp/SourceMap.java
Closure,148,com.google.javascript.jscomp.SourceMap,writeCharsBetween,src/com/google/javascript/jscomp/SourceMap.java
Closure,148,com.google.javascript.jscomp.SourceMap,maybeVisit,src/com/google/javascript/jscomp/SourceMap.java
Closure,149,com.google.javascript.jscomp.AbstractCommandLineRunner,setRunOptions,src/com/google/javascript/jscomp/AbstractCommandLineRunner.java
Closure,149,com.google.javascript.jscomp.AbstractCommandLineRunner,doRun,src/com/google/javascript/jscomp/AbstractCommandLineRunner.java
Closure,149,com.google.javascript.jscomp.AbstractCommandLineRunner,getOutputCharset,src/com/google/javascript/jscomp/AbstractCommandLineRunner.java
Closure,149,com.google.javascript.jscomp.CommandLineRunner,createOptions,src/com/google/javascript/jscomp/CommandLineRunner.java
Closure,149,com.google.javascript.jscomp.Compiler,toSource,src/com/google/javascript/jscomp/Compiler.java
Closure,149,com.google.javascript.jscomp.CompilerOptions,setOutputCharset,src/com/google/javascript/jscomp/CompilerOptions.java
Closure,150,com.google.javascript.jscomp.TypedScopeCreator,LocalScopeBuilder,src/com/google/javascript/jscomp/TypedScopeCreator.java
Closure,151,com.google.javascript.jscomp.CommandLineRunner,applyToOptions,src/com/google/javascript/jscomp/CommandLineRunner.java
Closure,151,com.google.javascript.jscomp.CommandLineRunner,initConfigFromFlags,src/com/google/javascript/jscomp/CommandLineRunner.java
Closure,152,com.google.javascript.rhino.jstype.FunctionType,resolveInternal,src/com/google/javascript/rhino/jstype/FunctionType.java
Closure,153,com.google.javascript.jscomp.Normalize,removeDuplicateDeclarations,src/com/google/javascript/jscomp/Normalize.java
Closure,153,com.google.javascript.jscomp.Normalize,onRedeclaration,src/com/google/javascript/jscomp/Normalize.java
Closure,153,com.google.javascript.jscomp.SyntacticScopeCreator,scanRoot,src/com/google/javascript/jscomp/SyntacticScopeCreator.java
Closure,153,com.google.javascript.jscomp.SyntacticScopeCreator,scanVars,src/com/google/javascript/jscomp/SyntacticScopeCreator.java
Closure,153,com.google.javascript.jscomp.SyntacticScopeCreator,onRedeclaration,src/com/google/javascript/jscomp/SyntacticScopeCreator.java
Closure,153,com.google.javascript.jscomp.SyntacticScopeCreator,declareVar,src/com/google/javascript/jscomp/SyntacticScopeCreator.java
Closure,154,com.google.javascript.jscomp.TypeCheck,checkDeclaredPropertyInheritance,src/com/google/javascript/jscomp/TypeCheck.java
Closure,154,com.google.javascript.jscomp.TypeValidator,expectInterfaceProperty,src/com/google/javascript/jscomp/TypeValidator.java
Closure,155,com.google.javascript.jscomp.InlineVariables,doInlinesForScope,src/com/google/javascript/jscomp/InlineVariables.java
Closure,155,com.google.javascript.jscomp.InlineVariables,maybeEscapedOrModifiedArguments,src/com/google/javascript/jscomp/InlineVariables.java
Closure,155,com.google.javascript.jscomp.InlineVariables,inlineNonConstants,src/com/google/javascript/jscomp/InlineVariables.java
Closure,155,com.google.javascript.jscomp.ReferenceCollectingCallback,visit,src/com/google/javascript/jscomp/ReferenceCollectingCallback.java
Closure,155,com.google.javascript.jscomp.Scope,toString,src/com/google/javascript/jscomp/Scope.java
Closure,155,com.google.javascript.jscomp.Scope,getArgumentsVar,src/com/google/javascript/jscomp/Scope.java
Closure,156,com.google.javascript.jscomp.CollapseProperties,collapseDeclarationOfNameAndDescendants,src/com/google/javascript/jscomp/CollapseProperties.java
Closure,156,com.google.javascript.jscomp.CollapseProperties,updateObjLitOrFunctionDeclaration,src/com/google/javascript/jscomp/CollapseProperties.java
Closure,156,com.google.javascript.jscomp.CollapseProperties,updateObjLitOrFunctionDeclarationAtAssignNode,src/com/google/javascript/jscomp/CollapseProperties.java
Closure,156,com.google.javascript.jscomp.CollapseProperties,updateObjLitOrFunctionDeclarationAtVarNode,src/com/google/javascript/jscomp/CollapseProperties.java
Closure,156,com.google.javascript.jscomp.CollapseProperties,updateFunctionDeclarationAtFunctionNode,src/com/google/javascript/jscomp/CollapseProperties.java
Closure,157,com.google.javascript.jscomp.CodeGenerator,add,src/com/google/javascript/jscomp/CodeGenerator.java
Closure,157,com.google.javascript.jscomp.CodeGenerator,isSimpleNumber,src/com/google/javascript/jscomp/CodeGenerator.java
Closure,157,com.google.javascript.jscomp.RenamePrototypes,visit,src/com/google/javascript/jscomp/RenamePrototypes.java
Closure,157,com.google.javascript.jscomp.RenamePrototypes,processPrototypeParent,src/com/google/javascript/jscomp/RenamePrototypes.java
Closure,157,com.google.javascript.jscomp.parsing.IRFactory,transformNumberAsString,src/com/google/javascript/jscomp/parsing/IRFactory.java
Closure,157,com.google.javascript.jscomp.parsing.IRFactory,transformAsString,src/com/google/javascript/jscomp/parsing/IRFactory.java
Closure,158,com.google.javascript.jscomp.AbstractCommandLineRunner,setRunOptions,src/com/google/javascript/jscomp/AbstractCommandLineRunner.java
Closure,158,com.google.javascript.jscomp.AbstractCommandLineRunner,outputBestPhaseOrdering,src/com/google/javascript/jscomp/AbstractCommandLineRunner.java
Closure,158,com.google.javascript.jscomp.AbstractCommandLineRunner,Entry,src/com/google/javascript/jscomp/AbstractCommandLineRunner.java
Closure,158,com.google.javascript.jscomp.CommandLineRunner,WarningGuardErrorOptionHandler,src/com/google/javascript/jscomp/CommandLineRunner.java
Closure,158,com.google.javascript.jscomp.CommandLineRunner,initConfigFromFlags,src/com/google/javascript/jscomp/CommandLineRunner.java
Closure,158,com.google.javascript.jscomp.CommandLineRunner,createExterns,src/com/google/javascript/jscomp/CommandLineRunner.java
Closure,158,com.google.javascript.jscomp.DiagnosticGroups,setWarningLevel,src/com/google/javascript/jscomp/DiagnosticGroups.java
Closure,159,com.google.javascript.jscomp.InlineFunctions,findCalledFunctions,src/com/google/javascript/jscomp/InlineFunctions.java
Closure,160,com.google.javascript.jscomp.Compiler,initOptions,src/com/google/javascript/jscomp/Compiler.java
Closure,161,com.google.javascript.jscomp.PeepholeFoldConstants,tryFoldArrayAccess,src/com/google/javascript/jscomp/PeepholeFoldConstants.java
Closure,162,com.google.javascript.jscomp.Scope,getVarIterable,src/com/google/javascript/jscomp/Scope.java
Closure,162,com.google.javascript.jscomp.ScopedAliases,enterScope,src/com/google/javascript/jscomp/ScopedAliases.java
Closure,162,com.google.javascript.jscomp.ScopedAliases,findAliases,src/com/google/javascript/jscomp/ScopedAliases.java
Closure,162,com.google.javascript.jscomp.ScopedAliases,visit,src/com/google/javascript/jscomp/ScopedAliases.java
Closure,162,com.google.javascript.jscomp.ScopedAliases,fixTypeNode,src/com/google/javascript/jscomp/ScopedAliases.java
Closure,163,com.google.javascript.jscomp.AnalyzePrototypeProperties,ProcessProperties,src/com/google/javascript/jscomp/AnalyzePrototypeProperties.java
Closure,163,com.google.javascript.jscomp.AnalyzePrototypeProperties,visit,src/com/google/javascript/jscomp/AnalyzePrototypeProperties.java
Closure,163,com.google.javascript.jscomp.AnalyzePrototypeProperties,addSymbolUse,src/com/google/javascript/jscomp/AnalyzePrototypeProperties.java
Closure,163,com.google.javascript.jscomp.AnalyzePrototypeProperties,processNonFunctionPrototypeAssign,src/com/google/javascript/jscomp/AnalyzePrototypeProperties.java
Closure,163,com.google.javascript.jscomp.AnalyzePrototypeProperties,isGlobalFunctionDeclaration,src/com/google/javascript/jscomp/AnalyzePrototypeProperties.java
Closure,163,com.google.javascript.jscomp.AnalyzePrototypeProperties,getPrototypePropertyNameFromRValue,src/com/google/javascript/jscomp/AnalyzePrototypeProperties.java
Closure,163,com.google.javascript.jscomp.AnalyzePrototypeProperties,processGlobalFunctionDeclaration,src/com/google/javascript/jscomp/AnalyzePrototypeProperties.java
Closure,163,com.google.javascript.jscomp.AnalyzePrototypeProperties,processPrototypeParent,src/com/google/javascript/jscomp/AnalyzePrototypeProperties.java
Closure,163,com.google.javascript.jscomp.AnalyzePrototypeProperties,processPrototypeRef,src/com/google/javascript/jscomp/AnalyzePrototypeProperties.java
Closure,163,com.google.javascript.jscomp.AnalyzePrototypeProperties,traverseEdge,src/com/google/javascript/jscomp/AnalyzePrototypeProperties.java
Closure,163,com.google.javascript.jscomp.AnalyzePrototypeProperties,addGlobalUseOfSymbol,src/com/google/javascript/jscomp/AnalyzePrototypeProperties.java
Closure,163,com.google.javascript.jscomp.AnalyzePrototypeProperties,getFunctionNode,src/com/google/javascript/jscomp/AnalyzePrototypeProperties.java
Closure,163,com.google.javascript.jscomp.AnalyzePrototypeProperties,getRootVar,src/com/google/javascript/jscomp/AnalyzePrototypeProperties.java
Closure,163,com.google.javascript.jscomp.AnalyzePrototypeProperties,getModule,src/com/google/javascript/jscomp/AnalyzePrototypeProperties.java
Closure,163,com.google.javascript.jscomp.CrossModuleMethodMotion,moveMethods,src/com/google/javascript/jscomp/CrossModuleMethodMotion.java
Closure,164,com.google.javascript.rhino.jstype.ArrowType,isSubtype,src/com/google/javascript/rhino/jstype/ArrowType.java
Closure,164,com.google.javascript.rhino.jstype.ArrowType,hasEqualParameters,src/com/google/javascript/rhino/jstype/ArrowType.java
Closure,165,com.google.javascript.rhino.jstype.JSTypeRegistry,canPropertyBeDefined,src/com/google/javascript/rhino/jstype/JSTypeRegistry.java
Closure,165,com.google.javascript.rhino.jstype.ObjectType,defineSynthesizedProperty,src/com/google/javascript/rhino/jstype/ObjectType.java
Closure,165,com.google.javascript.rhino.jstype.RecordType,isSynthetic,src/com/google/javascript/rhino/jstype/RecordType.java
Closure,165,com.google.javascript.rhino.jstype.RecordType,getGreatestSubtypeHelper,src/com/google/javascript/rhino/jstype/RecordType.java
Closure,165,com.google.javascript.rhino.jstype.RecordTypeBuilder,setSynthesized,src/com/google/javascript/rhino/jstype/RecordTypeBuilder.java
Closure,165,com.google.javascript.rhino.jstype.RecordTypeBuilder,build,src/com/google/javascript/rhino/jstype/RecordTypeBuilder.java
Closure,166,com.google.javascript.rhino.jstype.PrototypeObjectType,matchConstraint,src/com/google/javascript/rhino/jstype/PrototypeObjectType.java
Closure,167,com.google.javascript.jscomp.type.SemanticReverseAbstractInterpreter,caseEquality,src/com/google/javascript/jscomp/type/SemanticReverseAbstractInterpreter.java
Closure,167,com.google.javascript.jscomp.type.SemanticReverseAbstractInterpreter,caseAndOrNotShortCircuiting,src/com/google/javascript/jscomp/type/SemanticReverseAbstractInterpreter.java
Closure,167,com.google.javascript.jscomp.type.SemanticReverseAbstractInterpreter,maybeRestrictName,src/com/google/javascript/jscomp/type/SemanticReverseAbstractInterpreter.java
Closure,167,com.google.javascript.jscomp.type.SemanticReverseAbstractInterpreter,maybeRestrictTwoNames,src/com/google/javascript/jscomp/type/SemanticReverseAbstractInterpreter.java
Closure,167,com.google.javascript.jscomp.type.SemanticReverseAbstractInterpreter,caseNameOrGetProp,src/com/google/javascript/jscomp/type/SemanticReverseAbstractInterpreter.java
Closure,167,com.google.javascript.rhino.jstype.JSType,getRestrictedTypeGivenToBooleanOutcome,src/com/google/javascript/rhino/jstype/JSType.java
Closure,168,com.google.javascript.jscomp.TypedScopeCreator,declareArguments,src/com/google/javascript/jscomp/TypedScopeCreator.java
Closure,169,com.google.javascript.rhino.jstype.ArrowType,hasEqualParameters,src/com/google/javascript/rhino/jstype/ArrowType.java
Closure,169,com.google.javascript.rhino.jstype.ArrowType,checkArrowEquivalenceHelper,src/com/google/javascript/rhino/jstype/ArrowType.java
Closure,169,com.google.javascript.rhino.jstype.FunctionType,tryMergeFunctionPiecewise,src/com/google/javascript/rhino/jstype/FunctionType.java
Closure,169,com.google.javascript.rhino.jstype.FunctionType,checkFunctionEquivalenceHelper,src/com/google/javascript/rhino/jstype/FunctionType.java
Closure,169,com.google.javascript.rhino.jstype.FunctionType,hasEqualCallType,src/com/google/javascript/rhino/jstype/FunctionType.java
Closure,169,com.google.javascript.rhino.jstype.JSType,isEquivalentTo,src/com/google/javascript/rhino/jstype/JSType.java
Closure,169,com.google.javascript.rhino.jstype.JSType,isInvariant,src/com/google/javascript/rhino/jstype/JSType.java
Closure,169,com.google.javascript.rhino.jstype.JSType,differsFrom,src/com/google/javascript/rhino/jstype/JSType.java
Closure,169,com.google.javascript.rhino.jstype.JSType,checkEquivalenceHelper,src/com/google/javascript/rhino/jstype/JSType.java
Closure,169,com.google.javascript.rhino.jstype.RecordType,checkRecordEquivalenceHelper,src/com/google/javascript/rhino/jstype/RecordType.java
Closure,169,com.google.javascript.rhino.jstype.RecordType,getGreatestSubtypeHelper,src/com/google/javascript/rhino/jstype/RecordType.java
Closure,169,com.google.javascript.rhino.jstype.RecordType,isSubtype,src/com/google/javascript/rhino/jstype/RecordType.java
Closure,169,com.google.javascript.rhino.jstype.UnionType,checkUnionEquivalenceHelper,src/com/google/javascript/rhino/jstype/UnionType.java
Closure,170,com.google.javascript.jscomp.FlowSensitiveInlineVariables,visit,src/com/google/javascript/jscomp/FlowSensitiveInlineVariables.java
Closure,171,com.google.javascript.jscomp.TypeInference,traverseObjectLiteral,src/com/google/javascript/jscomp/TypeInference.java
Closure,171,com.google.javascript.jscomp.TypedScopeCreator,isQualifiedNameInferred,src/com/google/javascript/jscomp/TypedScopeCreator.java
Closure,172,com.google.javascript.jscomp.TypedScopeCreator,isQualifiedNameInferred,src/com/google/javascript/jscomp/TypedScopeCreator.java
Closure,173,com.google.javascript.jscomp.CodeGenerator,add,src/com/google/javascript/jscomp/CodeGenerator.java
Closure,173,com.google.javascript.jscomp.PeepholeSubstituteAlternateSyntax,tryRotateAssociativeOperator,src/com/google/javascript/jscomp/PeepholeSubstituteAlternateSyntax.java
Closure,174,com.google.javascript.jscomp.JsAst,parse,src/com/google/javascript/jscomp/JsAst.java
Closure,174,com.google.javascript.jscomp.NodeUtil,newQualifiedNameNodeDeclaration,src/com/google/javascript/jscomp/NodeUtil.java
Closure,174,com.google.javascript.jscomp.ScopedAliases,findAliases,src/com/google/javascript/jscomp/ScopedAliases.java
Lang,1,org.apache.commons.lang3.math.NumberUtils,createNumber,src/main/java/org/apache/commons/lang3/math/NumberUtils.java
Lang,3,org.apache.commons.lang3.math.NumberUtils,createNumber,src/main/java/org/apache/commons/lang3/math/NumberUtils.java
Lang,4,org.apache.commons.lang3.text.translate.LookupTranslator,LookupTranslator,src/main/java/org/apache/commons/lang3/text/translate/LookupTranslator.java
Lang,4,org.apache.commons.lang3.text.translate.LookupTranslator,translate,src/main/java/org/apache/commons/lang3/text/translate/LookupTranslator.java
Lang,5,org.apache.commons.lang3.LocaleUtils,toLocale,src/main/java/org/apache/commons/lang3/LocaleUtils.java
Lang,5,org.apache.commons.lang3.LocaleUtils,localeLookupList,src/main/java/org/apache/commons/lang3/LocaleUtils.java
Lang,6,org.apache.commons.lang3.text.translate.CharSequenceTranslator,translate,src/main/java/org/apache/commons/lang3/text/translate/CharSequenceTranslator.java
Lang,7,org.apache.commons.lang3.math.NumberUtils,createNumber,src/main/java/org/apache/commons/lang3/math/NumberUtils.java
Lang,7,org.apache.commons.lang3.math.NumberUtils,createBigDecimal,src/main/java/org/apache/commons/lang3/math/NumberUtils.java
Lang,8,org.apache.commons.lang3.time.FastDatePrinter,getTimeZoneDisplay,src/main/java/org/apache/commons/lang3/time/FastDatePrinter.java
Lang,8,org.apache.commons.lang3.time.FastDatePrinter,appendTo,src/main/java/org/apache/commons/lang3/time/FastDatePrinter.java
Lang,9,org.apache.commons.lang3.time.FastDateParser,init,src/main/java/org/apache/commons/lang3/time/FastDateParser.java
Lang,10,org.apache.commons.lang3.time.FastDateParser,escapeRegex,src/main/java/org/apache/commons/lang3/time/FastDateParser.java
Lang,11,org.apache.commons.lang3.RandomStringUtils,random,src/main/java/org/apache/commons/lang3/RandomStringUtils.java
Lang,12,org.apache.commons.lang3.RandomStringUtils,random,src/main/java/org/apache/commons/lang3/RandomStringUtils.java
Lang,13,org.apache.commons.lang3.SerializationUtils,deserialize,src/main/java/org/apache/commons/lang3/SerializationUtils.java
Lang,13,org.apache.commons.lang3.SerializationUtils,ClassLoaderAwareObjectInputStream,src/main/java/org/apache/commons/lang3/SerializationUtils.java
Lang,13,org.apache.commons.lang3.SerializationUtils,resolveClass,src/main/java/org/apache/commons/lang3/SerializationUtils.java
Lang,14,org.apache.commons.lang3.StringUtils,equals,src/main/java/org/apache/commons/lang3/StringUtils.java
Lang,15,org.apache.commons.lang3.reflect.TypeUtils,isAssignable,src/main/java/org/apache/commons/lang3/reflect/TypeUtils.java
Lang,15,org.apache.commons.lang3.reflect.TypeUtils,substituteTypeVariables,src/main/java/org/apache/commons/lang3/reflect/TypeUtils.java
Lang,16,org.apache.commons.lang3.math.NumberUtils,createNumber,src/main/java/org/apache/commons/lang3/math/NumberUtils.java
Lang,17,org.apache.commons.lang3.text.translate.CharSequenceTranslator,translate,src/main/java/org/apache/commons/lang3/text/translate/CharSequenceTranslator.java
Lang,19,org.apache.commons.lang3.text.translate.NumericEntityUnescaper,translate,src/main/java/org/apache/commons/lang3/text/translate/NumericEntityUnescaper.java
Lang,20,org.apache.commons.lang3.StringUtils,join,src/main/java/org/apache/commons/lang3/StringUtils.java
Lang,21,org.apache.commons.lang3.time.DateUtils,isSameLocalTime,src/main/java/org/apache/commons/lang3/time/DateUtils.java
Lang,22,org.apache.commons.lang3.math.Fraction,greatestCommonDivisor,src/main/java/org/apache/commons/lang3/math/Fraction.java
Lang,23,org.apache.commons.lang3.text.ExtendedMessageFormat,equals,src/main/java/org/apache/commons/lang3/text/ExtendedMessageFormat.java
Lang,24,org.apache.commons.lang3.math.NumberUtils,isNumber,src/main/java/org/apache/commons/lang3/math/NumberUtils.java
Lang,26,org.apache.commons.lang3.time.FastDateFormat,format,src/main/java/org/apache/commons/lang3/time/FastDateFormat.java
Lang,27,org.apache.commons.lang3.math.NumberUtils,createNumber,src/main/java/org/apache/commons/lang3/math/NumberUtils.java
Lang,28,org.apache.commons.lang3.text.translate.NumericEntityUnescaper,translate,src/main/java/org/apache/commons/lang3/text/translate/NumericEntityUnescaper.java
Lang,29,org.apache.commons.lang3.SystemUtils,toJavaVersionInt,src/main/java/org/apache/commons/lang3/SystemUtils.java
Lang,30,org.apache.commons.lang3.StringUtils,indexOfAny,src/main/java/org/apache/commons/lang3/StringUtils.java
Lang,30,org.apache.commons.lang3.StringUtils,containsAny,src/main/java/org/apache/commons/lang3/StringUtils.java
Lang,30,org.apache.commons.lang3.StringUtils,indexOfAnyBut,src/main/java/org/apache/commons/lang3/StringUtils.java
Lang,30,org.apache.commons.lang3.StringUtils,containsNone,src/main/java/org/apache/commons/lang3/StringUtils.java
Lang,31,org.apache.commons.lang3.StringUtils,containsAny,src/main/java/org/apache/commons/lang3/StringUtils.java
Lang,32,org.apache.commons.lang3.builder.HashCodeBuilder,initialValue,src/main/java/org/apache/commons/lang3/builder/HashCodeBuilder.java
Lang,32,org.apache.commons.lang3.builder.HashCodeBuilder,isRegistered,src/main/java/org/apache/commons/lang3/builder/HashCodeBuilder.java
Lang,32,org.apache.commons.lang3.builder.HashCodeBuilder,register,src/main/java/org/apache/commons/lang3/builder/HashCodeBuilder.java
Lang,32,org.apache.commons.lang3.builder.HashCodeBuilder,unregister,src/main/java/org/apache/commons/lang3/builder/HashCodeBuilder.java
Lang,33,org.apache.commons.lang3.ClassUtils,toClass,src/main/java/org/apache/commons/lang3/ClassUtils.java
Lang,34,org.apache.commons.lang3.builder.ToStringStyle,getRegistry,src/main/java/org/apache/commons/lang3/builder/ToStringStyle.java
Lang,34,org.apache.commons.lang3.builder.ToStringStyle,isRegistered,src/main/java/org/apache/commons/lang3/builder/ToStringStyle.java
Lang,35,org.apache.commons.lang3.ArrayUtils,addAll,src/main/java/org/apache/commons/lang3/ArrayUtils.java
Lang,35,org.apache.commons.lang3.ArrayUtils,copyArrayGrow1,src/main/java/org/apache/commons/lang3/ArrayUtils.java
Lang,36,org.apache.commons.lang3.math.NumberUtils,createNumber,src/java/org/apache/commons/lang3/math/NumberUtils.java
Lang,36,org.apache.commons.lang3.math.NumberUtils,isNumber,src/java/org/apache/commons/lang3/math/NumberUtils.java
Lang,37,org.apache.commons.lang3.ArrayUtils,isEmpty,src/java/org/apache/commons/lang3/ArrayUtils.java
Lang,38,org.apache.commons.lang3.time.FastDateFormat,format,src/java/org/apache/commons/lang3/time/FastDateFormat.java
Lang,39,org.apache.commons.lang3.StringUtils,replaceEach,src/java/org/apache/commons/lang3/StringUtils.java
Lang,40,org.apache.commons.lang.StringUtils,containsIgnoreCase,src/java/org/apache/commons/lang/StringUtils.java
Lang,41,org.apache.commons.lang.ClassUtils,getShortClassName,src/java/org/apache/commons/lang/ClassUtils.java
Lang,41,org.apache.commons.lang.ClassUtils,getPackageName,src/java/org/apache/commons/lang/ClassUtils.java
Lang,42,org.apache.commons.lang.Entities,escape,src/java/org/apache/commons/lang/Entities.java
Lang,43,org.apache.commons.lang.text.ExtendedMessageFormat,appendQuotedString,src/java/org/apache/commons/lang/text/ExtendedMessageFormat.java
Lang,44,org.apache.commons.lang.NumberUtils,createNumber,src/java/org/apache/commons/lang/NumberUtils.java
Lang,45,org.apache.commons.lang.WordUtils,abbreviate,src/java/org/apache/commons/lang/WordUtils.java
Lang,46,org.apache.commons.lang.StringEscapeUtils,escapeJava,src/java/org/apache/commons/lang/StringEscapeUtils.java
Lang,46,org.apache.commons.lang.StringEscapeUtils,escapeJavaScript,src/java/org/apache/commons/lang/StringEscapeUtils.java
Lang,46,org.apache.commons.lang.StringEscapeUtils,escapeJavaStyleString,src/java/org/apache/commons/lang/StringEscapeUtils.java
Lang,47,org.apache.commons.lang.text.StrBuilder,appendFixedWidthPadLeft,src/java/org/apache/commons/lang/text/StrBuilder.java
Lang,47,org.apache.commons.lang.text.StrBuilder,appendFixedWidthPadRight,src/java/org/apache/commons/lang/text/StrBuilder.java
Lang,49,org.apache.commons.lang.math.Fraction,reduce,src/java/org/apache/commons/lang/math/Fraction.java
Lang,50,org.apache.commons.lang.time.FastDateFormat,getDateInstance,src/java/org/apache/commons/lang/time/FastDateFormat.java
Lang,50,org.apache.commons.lang.time.FastDateFormat,getDateTimeInstance,src/java/org/apache/commons/lang/time/FastDateFormat.java
Lang,51,org.apache.commons.lang.BooleanUtils,toBoolean,src/java/org/apache/commons/lang/BooleanUtils.java
Lang,52,org.apache.commons.lang.StringEscapeUtils,escapeJavaStyleString,src/java/org/apache/commons/lang/StringEscapeUtils.java
Lang,53,org.apache.commons.lang.time.DateUtils,modify,src/java/org/apache/commons/lang/time/DateUtils.java
Lang,54,org.apache.commons.lang.LocaleUtils,toLocale,src/java/org/apache/commons/lang/LocaleUtils.java
Lang,55,org.apache.commons.lang.time.StopWatch,stop,src/java/org/apache/commons/lang/time/StopWatch.java
Lang,56,org.apache.commons.lang.time.FastDateFormat,readObject,src/java/org/apache/commons/lang/time/FastDateFormat.java
Lang,57,org.apache.commons.lang.LocaleUtils,isAvailableLocale,src/java/org/apache/commons/lang/LocaleUtils.java
Lang,58,org.apache.commons.lang.math.NumberUtils,createNumber,src/java/org/apache/commons/lang/math/NumberUtils.java
Lang,59,org.apache.commons.lang.text.StrBuilder,appendFixedWidthPadRight,src/java/org/apache/commons/lang/text/StrBuilder.java
Lang,60,org.apache.commons.lang.text.StrBuilder,contains,src/java/org/apache/commons/lang/text/StrBuilder.java
Lang,60,org.apache.commons.lang.text.StrBuilder,indexOf,src/java/org/apache/commons/lang/text/StrBuilder.java
Lang,61,org.apache.commons.lang.text.StrBuilder,indexOf,src/java/org/apache/commons/lang/text/StrBuilder.java
Math,1,org.apache.commons.math3.fraction.BigFraction,BigFraction,src/main/java/org/apache/commons/math3/fraction/BigFraction.java
Math,1,org.apache.commons.math3.fraction.Fraction,Fraction,src/main/java/org/apache/commons/math3/fraction/Fraction.java
Math,2,org.apache.commons.math3.distribution.HypergeometricDistribution,getNumericalMean,src/main/java/org/apache/commons/math3/distribution/HypergeometricDistribution.java
Math,3,org.apache.commons.math3.util.MathArrays,linearCombination,src/main/java/org/apache/commons/math3/util/MathArrays.java
Math,4,org.apache.commons.math3.geometry.euclidean.threed.SubLine,intersection,src/main/java/org/apache/commons/math3/geometry/euclidean/threed/SubLine.java
Math,4,org.apache.commons.math3.geometry.euclidean.twod.SubLine,intersection,src/main/java/org/apache/commons/math3/geometry/euclidean/twod/SubLine.java
Math,5,org.apache.commons.math3.complex.Complex,reciprocal,src/main/java/org/apache/commons/math3/complex/Complex.java
Math,6,org.apache.commons.math3.optim.BaseOptimizer,BaseOptimizer,src/main/java/org/apache/commons/math3/optim/BaseOptimizer.java
Math,6,org.apache.commons.math3.optim.nonlinear.scalar.gradient.NonLinearConjugateGradientOptimizer,doOptimize,src/main/java/org/apache/commons/math3/optim/nonlinear/scalar/gradient/NonLinearConjugateGradientOptimizer.java
Math,6,org.apache.commons.math3.optim.nonlinear.scalar.noderiv.CMAESOptimizer,doOptimize,src/main/java/org/apache/commons/math3/optim/nonlinear/scalar/noderiv/CMAESOptimizer.java
Math,6,org.apache.commons.math3.optim.nonlinear.scalar.noderiv.PowellOptimizer,doOptimize,src/main/java/org/apache/commons/math3/optim/nonlinear/scalar/noderiv/PowellOptimizer.java
Math,6,org.apache.commons.math3.optim.nonlinear.scalar.noderiv.SimplexOptimizer,compare,src/main/java/org/apache/commons/math3/optim/nonlinear/scalar/noderiv/SimplexOptimizer.java
Math,6,org.apache.commons.math3.optim.nonlinear.vector.jacobian.GaussNewtonOptimizer,doOptimize,src/main/java/org/apache/commons/math3/optim/nonlinear/vector/jacobian/GaussNewtonOptimizer.java
Math,6,org.apache.commons.math3.optim.nonlinear.vector.jacobian.LevenbergMarquardtOptimizer,doOptimize,src/main/java/org/apache/commons/math3/optim/nonlinear/vector/jacobian/LevenbergMarquardtOptimizer.java
Math,7,org.apache.commons.math3.ode.AbstractIntegrator,compare,src/main/java/org/apache/commons/math3/ode/AbstractIntegrator.java
Math,8,org.apache.commons.math3.distribution.DiscreteDistribution,sample,src/main/java/org/apache/commons/math3/distribution/DiscreteDistribution.java
Math,9,org.apache.commons.math3.geometry.euclidean.threed.Line,revert,src/main/java/org/apache/commons/math3/geometry/euclidean/threed/Line.java
Math,10,org.apache.commons.math3.analysis.differentiation.DSCompiler,atan2,src/main/java/org/apache/commons/math3/analysis/differentiation/DSCompiler.java
Math,11,org.apache.commons.math3.distribution.MultivariateNormalDistribution,density,src/main/java/org/apache/commons/math3/distribution/MultivariateNormalDistribution.java
Math,13,org.apache.commons.math3.optimization.general.AbstractLeastSquaresOptimizer,squareRoot,src/main/java/org/apache/commons/math3/optimization/general/AbstractLeastSquaresOptimizer.java
Math,14,org.apache.commons.math3.optim.nonlinear.vector.Weight,Weight,src/main/java/org/apache/commons/math3/optim/nonlinear/vector/Weight.java
Math,14,org.apache.commons.math3.optim.nonlinear.vector.jacobian.AbstractLeastSquaresOptimizer,squareRoot,src/main/java/org/apache/commons/math3/optim/nonlinear/vector/jacobian/AbstractLeastSquaresOptimizer.java
Math,15,org.apache.commons.math3.util.FastMath,pow,src/main/java/org/apache/commons/math3/util/FastMath.java
Math,16,org.apache.commons.math3.util.FastMath,cosh,src/main/java/org/apache/commons/math3/util/FastMath.java
Math,16,org.apache.commons.math3.util.FastMath,sinh,src/main/java/org/apache/commons/math3/util/FastMath.java
Math,17,org.apache.commons.math3.dfp.Dfp,multiply,src/main/java/org/apache/commons/math3/dfp/Dfp.java
Math,18,org.apache.commons.math3.optimization.direct.CMAESOptimizer,encode,src/main/java/org/apache/commons/math3/optimization/direct/CMAESOptimizer.java
Math,18,org.apache.commons.math3.optimization.direct.CMAESOptimizer,decode,src/main/java/org/apache/commons/math3/optimization/direct/CMAESOptimizer.java
Math,18,org.apache.commons.math3.optimization.direct.CMAESOptimizer,isFeasible,src/main/java/org/apache/commons/math3/optimization/direct/CMAESOptimizer.java
Math,19,org.apache.commons.math3.optimization.direct.CMAESOptimizer,checkParameters,src/main/java/org/apache/commons/math3/optimization/direct/CMAESOptimizer.java
Math,20,org.apache.commons.math3.optimization.direct.CMAESOptimizer,repairAndDecode,src/main/java/org/apache/commons/math3/optimization/direct/CMAESOptimizer.java
Math,21,org.apache.commons.math3.linear.RectangularCholeskyDecomposition,RectangularCholeskyDecomposition,src/main/java/org/apache/commons/math3/linear/RectangularCholeskyDecomposition.java
Math,22,org.apache.commons.math3.distribution.FDistribution,isSupportLowerBoundInclusive,src/main/java/org/apache/commons/math3/distribution/FDistribution.java
Math,22,org.apache.commons.math3.distribution.UniformRealDistribution,isSupportUpperBoundInclusive,src/main/java/org/apache/commons/math3/distribution/UniformRealDistribution.java
Math,23,org.apache.commons.math3.optimization.univariate.BrentOptimizer,doOptimize,src/main/java/org/apache/commons/math3/optimization/univariate/BrentOptimizer.java
Math,24,org.apache.commons.math3.optimization.univariate.BrentOptimizer,doOptimize,src/main/java/org/apache/commons/math3/optimization/univariate/BrentOptimizer.java
Math,25,org.apache.commons.math3.optimization.fitting.HarmonicFitter,guessAOmega,src/main/java/org/apache/commons/math3/optimization/fitting/HarmonicFitter.java
Math,26,org.apache.commons.math3.fraction.Fraction,Fraction,src/main/java/org/apache/commons/math3/fraction/Fraction.java
Math,27,org.apache.commons.math3.fraction.Fraction,percentageValue,src/main/java/org/apache/commons/math3/fraction/Fraction.java
Math,28,org.apache.commons.math3.optimization.linear.SimplexSolver,getPivotRow,src/main/java/org/apache/commons/math3/optimization/linear/SimplexSolver.java
Math,29,org.apache.commons.math3.linear.OpenMapRealVector,ebeDivide,src/main/java/org/apache/commons/math3/linear/OpenMapRealVector.java
Math,29,org.apache.commons.math3.linear.OpenMapRealVector,ebeMultiply,src/main/java/org/apache/commons/math3/linear/OpenMapRealVector.java
Math,30,org.apache.commons.math3.stat.inference.MannWhitneyUTest,calculateAsymptoticPValue,src/main/java/org/apache/commons/math3/stat/inference/MannWhitneyUTest.java
Math,31,org.apache.commons.math3.util.ContinuedFraction,evaluate,src/main/java/org/apache/commons/math3/util/ContinuedFraction.java
Math,32,org.apache.commons.math3.geometry.euclidean.twod.PolygonsSet,computeGeometricalProperties,src/main/java/org/apache/commons/math3/geometry/euclidean/twod/PolygonsSet.java
Math,33,org.apache.commons.math3.optimization.linear.SimplexTableau,dropPhase1Objective,src/main/java/org/apache/commons/math3/optimization/linear/SimplexTableau.java
Math,34,org.apache.commons.math3.genetics.ListPopulation,iterator,src/main/java/org/apache/commons/math3/genetics/ListPopulation.java
Math,35,org.apache.commons.math3.genetics.ElitisticListPopulation,ElitisticListPopulation,src/main/java/org/apache/commons/math3/genetics/ElitisticListPopulation.java
Math,36,org.apache.commons.math.fraction.BigFraction,doubleValue,src/main/java/org/apache/commons/math/fraction/BigFraction.java
Math,36,org.apache.commons.math.fraction.BigFraction,floatValue,src/main/java/org/apache/commons/math/fraction/BigFraction.java
Math,37,org.apache.commons.math.complex.Complex,tan,src/main/java/org/apache/commons/math/complex/Complex.java
Math,37,org.apache.commons.math.complex.Complex,tanh,src/main/java/org/apache/commons/math/complex/Complex.java
Math,38,org.apache.commons.math.optimization.direct.BOBYQAOptimizer,prelim,src/main/java/org/apache/commons/math/optimization/direct/BOBYQAOptimizer.java
Math,39,org.apache.commons.math.ode.nonstiff.EmbeddedRungeKuttaIntegrator,integrate,src/main/java/org/apache/commons/math/ode/nonstiff/EmbeddedRungeKuttaIntegrator.java
Math,40,org.apache.commons.math.analysis.solvers.BracketingNthOrderBrentSolver,doSolve,src/main/java/org/apache/commons/math/analysis/solvers/BracketingNthOrderBrentSolver.java
Math,41,org.apache.commons.math.stat.descriptive.moment.Variance,evaluate,src/main/java/org/apache/commons/math/stat/descriptive/moment/Variance.java
Math,42,org.apache.commons.math.optimization.linear.SimplexTableau,getSolution,src/main/java/org/apache/commons/math/optimization/linear/SimplexTableau.java
Math,43,org.apache.commons.math.stat.descriptive.SummaryStatistics,addValue,src/main/java/org/apache/commons/math/stat/descriptive/SummaryStatistics.java
Math,44,org.apache.commons.math.ode.AbstractIntegrator,acceptStep,src/main/java/org/apache/commons/math/ode/AbstractIntegrator.java
Math,44,org.apache.commons.math.ode.AbstractIntegrator,compare,src/main/java/org/apache/commons/math/ode/AbstractIntegrator.java
Math,45,org.apache.commons.math.linear.OpenMapRealMatrix,OpenMapRealMatrix,src/main/java/org/apache/commons/math/linear/OpenMapRealMatrix.java
Math,46,org.apache.commons.math.complex.Complex,divide,src/main/java/org/apache/commons/math/complex/Complex.java
Math,47,org.apache.commons.math.complex.Complex,Complex,src/main/java/org/apache/commons/math/complex/Complex.java
Math,47,org.apache.commons.math.complex.Complex,divide,src/main/java/org/apache/commons/math/complex/Complex.java
Math,48,org.apache.commons.math.analysis.solvers.BaseSecantSolver,doSolve,src/main/java/org/apache/commons/math/analysis/solvers/BaseSecantSolver.java
Math,49,org.apache.commons.math.linear.OpenMapRealVector,ebeDivide,src/main/java/org/apache/commons/math/linear/OpenMapRealVector.java
Math,49,org.apache.commons.math.linear.OpenMapRealVector,ebeMultiply,src/main/java/org/apache/commons/math/linear/OpenMapRealVector.java
Math,50,org.apache.commons.math.analysis.solvers.BaseSecantSolver,doSolve,src/main/java/org/apache/commons/math/analysis/solvers/BaseSecantSolver.java
Math,51,org.apache.commons.math.analysis.solvers.BaseSecantSolver,doSolve,src/main/java/org/apache/commons/math/analysis/solvers/BaseSecantSolver.java
Math,52,org.apache.commons.math.geometry.euclidean.threed.Rotation,Rotation,src/main/java/org/apache/commons/math/geometry/euclidean/threed/Rotation.java
Math,53,org.apache.commons.math.complex.Complex,add,src/main/java/org/apache/commons/math/complex/Complex.java
Math,54,org.apache.commons.math.dfp.Dfp,Dfp,src/main/java/org/apache/commons/math/dfp/Dfp.java
Math,54,org.apache.commons.math.dfp.Dfp,toDouble,src/main/java/org/apache/commons/math/dfp/Dfp.java
Math,55,org.apache.commons.math.geometry.Vector3D,crossProduct,src/main/java/org/apache/commons/math/geometry/Vector3D.java
Math,56,org.apache.commons.math.util.MultidimensionalCounter,getCounts,src/main/java/org/apache/commons/math/util/MultidimensionalCounter.java
Math,57,org.apache.commons.math.stat.clustering.KMeansPlusPlusClusterer,cluster,src/main/java/org/apache/commons/math/stat/clustering/KMeansPlusPlusClusterer.java
Math,58,org.apache.commons.math.optimization.fitting.GaussianFitter,fit,src/main/java/org/apache/commons/math/optimization/fitting/GaussianFitter.java
Math,59,org.apache.commons.math.util.FastMath,max,src/main/java/org/apache/commons/math/util/FastMath.java
Math,60,org.apache.commons.math.distribution.NormalDistributionImpl,cumulativeProbability,src/main/java/org/apache/commons/math/distribution/NormalDistributionImpl.java
Math,61,org.apache.commons.math.distribution.PoissonDistributionImpl,PoissonDistributionImpl,src/main/java/org/apache/commons/math/distribution/PoissonDistributionImpl.java
Math,62,org.apache.commons.math.optimization.univariate.MultiStartUnivariateRealOptimizer,optimize,src/main/java/org/apache/commons/math/optimization/univariate/MultiStartUnivariateRealOptimizer.java
Math,63,org.apache.commons.math.util.MathUtils,equals,src/main/java/org/apache/commons/math/util/MathUtils.java
Math,64,org.apache.commons.math.optimization.general.LevenbergMarquardtOptimizer,doOptimize,src/main/java/org/apache/commons/math/optimization/general/LevenbergMarquardtOptimizer.java
Math,65,org.apache.commons.math.optimization.general.AbstractLeastSquaresOptimizer,getRMS,src/main/java/org/apache/commons/math/optimization/general/AbstractLeastSquaresOptimizer.java
Math,66,org.apache.commons.math.optimization.univariate.BrentOptimizer,BrentOptimizer,src/main/java/org/apache/commons/math/optimization/univariate/BrentOptimizer.java
Math,66,org.apache.commons.math.optimization.univariate.BrentOptimizer,doOptimize,src/main/java/org/apache/commons/math/optimization/univariate/BrentOptimizer.java
Math,66,org.apache.commons.math.optimization.univariate.BrentOptimizer,localMin,src/main/java/org/apache/commons/math/optimization/univariate/BrentOptimizer.java
Math,67,org.apache.commons.math.optimization.MultiStartUnivariateRealOptimizer,getFunctionValue,src/main/java/org/apache/commons/math/optimization/MultiStartUnivariateRealOptimizer.java
Math,68,org.apache.commons.math.optimization.general.LevenbergMarquardtOptimizer,LevenbergMarquardtOptimizer,src/main/java/org/apache/commons/math/optimization/general/LevenbergMarquardtOptimizer.java
Math,68,org.apache.commons.math.optimization.general.LevenbergMarquardtOptimizer,doOptimize,src/main/java/org/apache/commons/math/optimization/general/LevenbergMarquardtOptimizer.java
Math,69,org.apache.commons.math.stat.correlation.PearsonsCorrelation,getCorrelationPValues,src/main/java/org/apache/commons/math/stat/correlation/PearsonsCorrelation.java
Math,70,org.apache.commons.math.analysis.solvers.BisectionSolver,solve,src/main/java/org/apache/commons/math/analysis/solvers/BisectionSolver.java
Math,71,org.apache.commons.math.ode.nonstiff.EmbeddedRungeKuttaIntegrator,integrate,src/main/java/org/apache/commons/math/ode/nonstiff/EmbeddedRungeKuttaIntegrator.java
Math,71,org.apache.commons.math.ode.nonstiff.RungeKuttaIntegrator,integrate,src/main/java/org/apache/commons/math/ode/nonstiff/RungeKuttaIntegrator.java
Math,72,org.apache.commons.math.analysis.solvers.BrentSolver,solve,src/main/java/org/apache/commons/math/analysis/solvers/BrentSolver.java
Math,73,org.apache.commons.math.analysis.solvers.BrentSolver,solve,src/main/java/org/apache/commons/math/analysis/solvers/BrentSolver.java
Math,74,org.apache.commons.math.ode.nonstiff.EmbeddedRungeKuttaIntegrator,integrate,src/main/java/org/apache/commons/math/ode/nonstiff/EmbeddedRungeKuttaIntegrator.java
Math,75,org.apache.commons.math.stat.Frequency,getPct,src/main/java/org/apache/commons/math/stat/Frequency.java
Math,76,org.apache.commons.math.linear.SingularValueDecompositionImpl,getU,src/main/java/org/apache/commons/math/linear/SingularValueDecompositionImpl.java
Math,76,org.apache.commons.math.linear.SingularValueDecompositionImpl,getV,src/main/java/org/apache/commons/math/linear/SingularValueDecompositionImpl.java
Math,77,org.apache.commons.math.linear.ArrayRealVector,getLInfNorm,src/main/java/org/apache/commons/math/linear/ArrayRealVector.java
Math,77,org.apache.commons.math.linear.OpenMapRealVector,getLInfNorm,src/main/java/org/apache/commons/math/linear/OpenMapRealVector.java
Math,78,org.apache.commons.math.ode.events.EventState,evaluateStep,src/main/java/org/apache/commons/math/ode/events/EventState.java
Math,79,org.apache.commons.math.util.MathUtils,distance,src/main/java/org/apache/commons/math/util/MathUtils.java
Math,80,org.apache.commons.math.linear.EigenDecompositionImpl,flipIfWarranted,src/main/java/org/apache/commons/math/linear/EigenDecompositionImpl.java
Math,81,org.apache.commons.math.linear.EigenDecompositionImpl,computeGershgorinCircles,src/main/java/org/apache/commons/math/linear/EigenDecompositionImpl.java
Math,81,org.apache.commons.math.linear.EigenDecompositionImpl,processGeneralBlock,src/main/java/org/apache/commons/math/linear/EigenDecompositionImpl.java
Math,81,org.apache.commons.math.linear.EigenDecompositionImpl,computeShiftIncrement,src/main/java/org/apache/commons/math/linear/EigenDecompositionImpl.java
Math,82,org.apache.commons.math.optimization.linear.SimplexSolver,getPivotRow,src/main/java/org/apache/commons/math/optimization/linear/SimplexSolver.java
Math,83,org.apache.commons.math.optimization.linear.SimplexTableau,getBasicRow,src/main/java/org/apache/commons/math/optimization/linear/SimplexTableau.java
Math,83,org.apache.commons.math.optimization.linear.SimplexTableau,getSolution,src/main/java/org/apache/commons/math/optimization/linear/SimplexTableau.java
Math,84,org.apache.commons.math.optimization.direct.MultiDirectional,iterateSimplex,src/main/java/org/apache/commons/math/optimization/direct/MultiDirectional.java
Math,85,org.apache.commons.math.analysis.solvers.UnivariateRealSolverUtils,bracket,src/java/org/apache/commons/math/analysis/solvers/UnivariateRealSolverUtils.java
Math,86,org.apache.commons.math.linear.CholeskyDecompositionImpl,CholeskyDecompositionImpl,src/java/org/apache/commons/math/linear/CholeskyDecompositionImpl.java
Math,87,org.apache.commons.math.optimization.linear.SimplexTableau,getBasicRow,src/java/org/apache/commons/math/optimization/linear/SimplexTableau.java
Math,88,org.apache.commons.math.optimization.linear.SimplexTableau,getSolution,src/java/org/apache/commons/math/optimization/linear/SimplexTableau.java
Math,89,org.apache.commons.math.stat.Frequency,addValue,src/java/org/apache/commons/math/stat/Frequency.java
Math,90,org.apache.commons.math.stat.Frequency,addValue,src/java/org/apache/commons/math/stat/Frequency.java
Math,91,org.apache.commons.math.fraction.Fraction,compareTo,src/java/org/apache/commons/math/fraction/Fraction.java
Math,92,org.apache.commons.math.util.MathUtils,binomialCoefficient,src/java/org/apache/commons/math/util/MathUtils.java
Math,92,org.apache.commons.math.util.MathUtils,binomialCoefficientDouble,src/java/org/apache/commons/math/util/MathUtils.java
Math,92,org.apache.commons.math.util.MathUtils,cosh,src/java/org/apache/commons/math/util/MathUtils.java
Math,93,org.apache.commons.math.util.MathUtils,factorial,src/java/org/apache/commons/math/util/MathUtils.java
Math,93,org.apache.commons.math.util.MathUtils,factorialDouble,src/java/org/apache/commons/math/util/MathUtils.java
Math,93,org.apache.commons.math.util.MathUtils,factorialLog,src/java/org/apache/commons/math/util/MathUtils.java
Math,94,org.apache.commons.math.util.MathUtils,gcd,src/java/org/apache/commons/math/util/MathUtils.java
Math,95,org.apache.commons.math.distribution.FDistributionImpl,getInitialDomain,src/java/org/apache/commons/math/distribution/FDistributionImpl.java
Math,96,org.apache.commons.math.complex.Complex,equals,src/java/org/apache/commons/math/complex/Complex.java
Math,97,org.apache.commons.math.analysis.BrentSolver,solve,src/java/org/apache/commons/math/analysis/BrentSolver.java
Math,98,org.apache.commons.math.linear.BigMatrixImpl,operate,src/java/org/apache/commons/math/linear/BigMatrixImpl.java
Math,98,org.apache.commons.math.linear.RealMatrixImpl,operate,src/java/org/apache/commons/math/linear/RealMatrixImpl.java
Math,99,org.apache.commons.math.util.MathUtils,gcd,src/java/org/apache/commons/math/util/MathUtils.java
Math,99,org.apache.commons.math.util.MathUtils,lcm,src/java/org/apache/commons/math/util/MathUtils.java
Math,100,org.apache.commons.math.estimation.AbstractEstimator,getCovariances,src/java/org/apache/commons/math/estimation/AbstractEstimator.java
Math,100,org.apache.commons.math.estimation.AbstractEstimator,guessParametersErrors,src/java/org/apache/commons/math/estimation/AbstractEstimator.java
Math,101,org.apache.commons.math.complex.ComplexFormat,parse,src/java/org/apache/commons/math/complex/ComplexFormat.java
Math,102,org.apache.commons.math.stat.inference.ChiSquareTestImpl,chiSquare,src/java/org/apache/commons/math/stat/inference/ChiSquareTestImpl.java
Math,103,org.apache.commons.math.distribution.NormalDistributionImpl,cumulativeProbability,src/java/org/apache/commons/math/distribution/NormalDistributionImpl.java
Math,105,org.apache.commons.math.stat.regression.SimpleRegression,getSumSquaredErrors,src/java/org/apache/commons/math/stat/regression/SimpleRegression.java
Math,106,org.apache.commons.math.fraction.ProperFractionFormat,parse,src/java/org/apache/commons/math/fraction/ProperFractionFormat.java
Time,1,org.joda.time.Partial,Partial,src/main/java/org/joda/time/Partial.java
Time,1,org.joda.time.field.UnsupportedDurationField,compareTo,src/main/java/org/joda/time/field/UnsupportedDurationField.java
Time,2,org.joda.time.Partial,Partial,src/main/java/org/joda/time/Partial.java
Time,2,org.joda.time.Partial,with,src/main/java/org/joda/time/Partial.java
Time,2,org.joda.time.field.UnsupportedDurationField,compareTo,src/main/java/org/joda/time/field/UnsupportedDurationField.java
Time,3,org.joda.time.MutableDateTime,add,src/main/java/org/joda/time/MutableDateTime.java
Time,3,org.joda.time.MutableDateTime,addYears,src/main/java/org/joda/time/MutableDateTime.java
Time,3,org.joda.time.MutableDateTime,addWeekyears,src/main/java/org/joda/time/MutableDateTime.java
Time,3,org.joda.time.MutableDateTime,addMonths,src/main/java/org/joda/time/MutableDateTime.java
Time,3,org.joda.time.MutableDateTime,addWeeks,src/main/java/org/joda/time/MutableDateTime.java
Time,3,org.joda.time.MutableDateTime,addDays,src/main/java/org/joda/time/MutableDateTime.java
Time,3,org.joda.time.MutableDateTime,addHours,src/main/java/org/joda/time/MutableDateTime.java
Time,3,org.joda.time.MutableDateTime,addMinutes,src/main/java/org/joda/time/MutableDateTime.java
Time,3,org.joda.time.MutableDateTime,addSeconds,src/main/java/org/joda/time/MutableDateTime.java
Time,3,org.joda.time.MutableDateTime,addMillis,src/main/java/org/joda/time/MutableDateTime.java
Time,4,org.joda.time.Partial,with,src/main/java/org/joda/time/Partial.java
Time,5,org.joda.time.Period,normalizedStandard,src/main/java/org/joda/time/Period.java
Time,6,org.joda.time.chrono.GJChronology,getInstance,src/main/java/org/joda/time/chrono/GJChronology.java
Time,6,org.joda.time.chrono.GJChronology,add,src/main/java/org/joda/time/chrono/GJChronology.java
Time,7,org.joda.time.format.DateTimeFormatter,parseInto,src/main/java/org/joda/time/format/DateTimeFormatter.java
Time,8,org.joda.time.DateTimeZone,forOffsetHoursMinutes,src/main/java/org/joda/time/DateTimeZone.java
Time,9,org.joda.time.DateTimeZone,forOffsetHoursMinutes,src/main/java/org/joda/time/DateTimeZone.java
Time,9,org.joda.time.DateTimeZone,forOffsetMillis,src/main/java/org/joda/time/DateTimeZone.java
Time,10,org.joda.time.base.BaseSingleFieldPeriod,between,src/main/java/org/joda/time/base/BaseSingleFieldPeriod.java
Time,11,org.joda.time.tz.ZoneInfoCompiler,initialValue,src/main/java/org/joda/time/tz/ZoneInfoCompiler.java
Time,12,org.joda.time.LocalDate,fromCalendarFields,src/main/java/org/joda/time/LocalDate.java
Time,12,org.joda.time.LocalDate,fromDateFields,src/main/java/org/joda/time/LocalDate.java
Time,12,org.joda.time.LocalDateTime,fromCalendarFields,src/main/java/org/joda/time/LocalDateTime.java
Time,12,org.joda.time.LocalDateTime,fromDateFields,src/main/java/org/joda/time/LocalDateTime.java
Time,13,org.joda.time.format.PeriodFormatterBuilder,calculatePrintedLength,src/main/java/org/joda/time/format/PeriodFormatterBuilder.java
Time,13,org.joda.time.format.PeriodFormatterBuilder,printTo,src/main/java/org/joda/time/format/PeriodFormatterBuilder.java
Time,14,org.joda.time.chrono.BasicMonthOfYearDateTimeField,add,src/main/java/org/joda/time/chrono/BasicMonthOfYearDateTimeField.java
Time,15,org.joda.time.field.FieldUtils,safeMultiply,src/main/java/org/joda/time/field/FieldUtils.java
Time,16,org.joda.time.format.DateTimeFormatter,parseInto,src/main/java/org/joda/time/format/DateTimeFormatter.java
Time,17,org.joda.time.DateTimeZone,adjustOffset,src/main/java/org/joda/time/DateTimeZone.java
Time,18,org.joda.time.chrono.GJChronology,getDateTimeMillis,src/main/java/org/joda/time/chrono/GJChronology.java
Time,19,org.joda.time.DateTimeZone,getOffsetFromLocal,src/main/java/org/joda/time/DateTimeZone.java
Time,20,org.joda.time.format.DateTimeFormatterBuilder,parseInto,src/main/java/org/joda/time/format/DateTimeFormatterBuilder.java
Time,22,org.joda.time.base.BasePeriod,BasePeriod,src/main/java/org/joda/time/base/BasePeriod.java
Time,23,org.joda.time.DateTimeZone,getConvertedId,src/main/java/org/joda/time/DateTimeZone.java
Time,24,org.joda.time.format.DateTimeParserBucket,computeMillis,src/main/java/org/joda/time/format/DateTimeParserBucket.java
Time,25,org.joda.time.DateTimeZone,getOffsetFromLocal,src/main/java/org/joda/time/DateTimeZone.java
Time,26,org.joda.time.DateTimeZone,convertLocalToUTC,src/main/java/org/joda/time/DateTimeZone.java
Time,26,org.joda.time.chrono.ZonedChronology,add,src/main/java/org/joda/time/chrono/ZonedChronology.java
Time,26,org.joda.time.chrono.ZonedChronology,set,src/main/java/org/joda/time/chrono/ZonedChronology.java
Time,26,org.joda.time.chrono.ZonedChronology,getDifference,src/main/java/org/joda/time/chrono/ZonedChronology.java
Time,26,org.joda.time.chrono.ZonedChronology,roundFloor,src/main/java/org/joda/time/chrono/ZonedChronology.java
Time,26,org.joda.time.chrono.ZonedChronology,roundCeiling,src/main/java/org/joda/time/chrono/ZonedChronology.java
Time,26,org.joda.time.field.LenientDateTimeField,set,src/main/java/org/joda/time/field/LenientDateTimeField.java
